NAMA,EVENT,STATUS,JK,USIA,STATUS_NIKAH,JML_TANGGUNGAN,STATUS_TT,PENDIDIKAN,WILAYAH,PEKERJAAN,LAMA_BEKERJA, PENGHASILAN ,DBR,WAKTU_KREDIT,LIMIT_KREDIT,STATUS_KREDIT,PENDIDIKAN_KODE,PENDIDIKAN2
A123145,36,NEW,LAKI LAKI,44,MENIKAH,2,Milik Sendiri,SMA,Balikpapan,Pegawai swasta,14,2829819,0.45,36,23000000,LANCAR,3,3. SMA
A118717,48,NEW,LAKI LAKI,53,MENIKAH,2,Milik Sendiri,SMA,Balikpapan,Pegawai BUMN,25,23757496,0.37,48,300000000,LANCAR,3,3. SMA
A125680,24,NEW,PEREMPUAN,28,MENIKAH,2,Milik Sendiri,SMA,Balikpapan,Pegawai swasta,6,2733000,0.45,24,16000000,LANCAR,3,3. SMA
A14798,60,NEW,LAKI LAKI,45,MENIKAH,3,Milik Sendiri,SMA,Medan,Pegawai swasta,15,3000000,0.42,60,50000000,LANCAR,3,3. SMA
A142852,24,NEW,PEREMPUAN,44,MENIKAH,1,Milik Orang Tua,S1,Jakarta 5,Pegawai swasta,3,4195200,0.35,24,28000000,LANCAR,5,5. S1
A96802,24,NEW,PEREMPUAN,51,MENIKAH,3,Milik Sendiri,SMA,Jakarta 4,PNS,10,8883124,0.49,24,90000000,LANCAR,3,3. SMA
A10617,60,NEW,LAKI LAKI,28,TIDAK MENIKAH,0,Rumah Dinas,DIPLOMA,Medan,Pegawai BUMN,5,4943520,0.51,60,100000000,LANCAR,4,4. DIPLOMA
A134638,36,NEW,PEREMPUAN,32,MENIKAH,0,Milik Orang Tua,S1,Jakarta 5,Pegawai swasta,1,3749812,0.23,36,18500000,LANCAR,5,5. S1
A147552,60,NEW,LAKI LAKI,43,MENIKAH,1,Milik Sendiri,SMA,Jakarta 5,Pegawai swasta,3,5000000,0.2,60,40000000,LANCAR,3,3. SMA
A43766,18,NEW,LAKI LAKI,56,MENIKAH,3,Milik Sendiri,SMA,Palembang,PNS,10,10672327,0.15,18,25000000,LANCAR,3,3. SMA
A105309,36,NEW,LAKI LAKI,29,MENIKAH,1,Milik Orang Tua,SMA,Balikpapan,Pegawai swasta,2,5368339,0.28,36,35000000,LANCAR,3,3. SMA
A257422,48,NEW,LAKI LAKI,44,MENIKAH,4,Milik Sendiri,SMA,Jakarta 5,Pegawai swasta,3,4257454,0.35,48,50000000,MACET,3,3. SMA
A49034,60,NEW,LAKI LAKI,41,MENIKAH,2,Sewa,SMA,Jakarta 3,Pegawai swasta,13,4088257,0.47,60,63000000,LANCAR,3,3. SMA
A54294,54,NEW,PEREMPUAN,53,MENIKAH,2,Milik Sendiri,S1,Jakarta 3,Pegawai BUMN,25,13329450,0.55,54,300000000,LANCAR,5,5. S1
A313803,6,TOP,LAKI LAKI,27,TIDAK MENIKAH,0,Milik Sendiri,DIPLOMA,Semarang,Pegawai swasta,4,3267000,0.38,60,36700000,LANCAR,4,4. DIPLOMA
A243211,72,NEW,PEREMPUAN,43,MENIKAH,2,Milik Sendiri,SMA,Jayapura,Pegawai swasta,7,7210983,0.6,72,180000000,LANCAR,3,3. SMA
A96349,36,NEW,PEREMPUAN,40,MENIKAH,2,Milik Sendiri,DIPLOMA,Jakarta 4,PNS,20,5479462,0.6,36,45000000,LANCAR,4,4. DIPLOMA
A288070,6,TOP,PEREMPUAN,31,MENIKAH,1,Sewa,S1,Jakarta 4,Pegawai swasta,4,3473378,0.43,48,81300000,LANCAR,5,5. S1
A68293,48,NEW,PEREMPUAN,34,MENIKAH,1,Milik Sendiri,SMA,Jakarta 3,Pegawai swasta,2,5431767,0.32,48,60000000,LANCAR,3,3. SMA
A273019,8,TOP,LAKI LAKI,43,MENIKAH,4,Milik Sendiri,SMA,Medan,PNS,18,6456815,0.6,96,203000000,LANCAR,3,3. SMA
A259521,96,NEW,LAKI LAKI,28,TIDAK MENIKAH,0,Milik Orang Tua,SMA,Surabaya,Pegawai swasta,2,2157279,0.37,96,40000000,MACET,3,3. SMA
A212672,24,NEW,LAKI LAKI,48,MENIKAH,2,Milik Sendiri,S1,Surabaya,Pegawai swasta,17,4423422,0.23,24,20000000,LANCAR,5,5. S1
A23789,48,NEW,LAKI LAKI,35,MENIKAH,3,Milik Sendiri,S1,Medan,Pegawai swasta,14,5450877,0.26,48,45000000,LANCAR,5,5. S1
A204520,36,NEW,LAKI LAKI,34,MENIKAH,1,Milik Orang Tua,SMA,Surabaya,Pegawai swasta,11,2516150,0.44,36,30000000,LANCAR,3,3. SMA
A205743,36,NEW,LAKI LAKI,56,MENIKAH,3,Milik Sendiri,S1,Surabaya,Pegawai swasta,25,5005902,0.22,36,30000000,LANCAR,5,5. S1
A31797,96,NEW,LAKI LAKI,41,MENIKAH,3,Milik Sendiri,S1,Palembang,Pegawai swasta,18,16077202,0.42,96,350000000,LANCAR,5,5. S1
A42515,66,NEW,LAKI LAKI,51,MENIKAH,4,Rumah Dinas,S1,Palembang,Pegawai BUMN,23,8158106,0.35,66,130000000,LANCAR,5,5. S1
A283637,18,TOP,PEREMPUAN,29,MENIKAH,1,Milik Sendiri,SMA,Jakarta 3,Pegawai swasta,7,4773168,0.41,96,105000000,LANCAR,3,3. SMA
A91450,24,NEW,LAKI LAKI,44,MENIKAH,2,Sewa,SMA,Jakarta 4,Pegawai swasta,21,7200000,0.36,24,42000000,LANCAR,3,3. SMA
A233547,48,NEW,LAKI LAKI,50,MENIKAH,2,Milik Sendiri,S1,Makassar,Pegawai swasta,20,8168103,0.18,48,50000000,LANCAR,5,5. S1
A229733,24,NEW,PEREMPUAN,33,MENIKAH,2,Rumah Dinas,DIPLOMA,Makassar,PNS,10,4598400,0.44,24,40000000,LANCAR,4,4. DIPLOMA
A224143,36,NEW,PEREMPUAN,32,MENIKAH,0,Milik Orang Tua,SMA,Surabaya,Pegawai swasta,12,4519680,0.16,36,20000000,LANCAR,3,3. SMA
A87590,120,NEW,LAKI LAKI,38,MENIKAH,2,Milik Sendiri,S1,Jakarta 4,Pegawai swasta,7,11741124,0.5,120,350000000,LANCAR,5,5. S1
A321966,7,TOP,LAKI LAKI,43,MENIKAH,2,Milik Sendiri,SMA,Makassar,Pegawai swasta,2,2319900,0.45,36,17000000,LANCAR,3,3. SMA
A48310,96,NEW,LAKI LAKI,44,MENIKAH,2,Milik Sendiri,SMA,Jakarta 3,Pegawai swasta,15,3992596,0.4,96,80000000,LANCAR,3,3. SMA
A170134,36,NEW,PEREMPUAN,24,TIDAK MENIKAH,0,Sewa,SMA,Bandung,Pegawai swasta,1,2966820,0.37,36,30000000,LANCAR,3,3. SMA
A188124,96,NEW,LAKI LAKI,33,MENIKAH,3,Milik Sendiri,SMA,Semarang,Pegawai swasta,11,3500000,0.17,96,30000000,LANCAR,3,3. SMA
A112597,60,NEW,LAKI LAKI,27,MENIKAH,3,Milik Orang Tua,SMA,Balikpapan,Pegawai swasta,1,6500000,0.35,60,90000000,LANCAR,3,3. SMA
A217986,120,NEW,LAKI LAKI,29,MENIKAH,1,Milik Sendiri,DIPLOMA,Surabaya,Pegawai BUMN,3,10324494,0.34,120,200000000,LANCAR,4,4. DIPLOMA
A62766,60,NEW,LAKI LAKI,47,MENIKAH,3,Milik Sendiri,S1,Jakarta 3,Pegawai BUMN,24,6489759,0.2,60,50000000,LANCAR,5,5. S1
A201589,96,NEW,LAKI LAKI,42,MENIKAH,5,Milik Sendiri,DIPLOMA,Surabaya,PNS,17,8803700,0.06,96,25000000,LANCAR,4,4. DIPLOMA
A286246,34,TOP,LAKI LAKI,34,MENIKAH,2,Milik Sendiri,DIPLOMA,Jakarta 3,Pegawai swasta,11,5631512,0.6,72,160000000,LANCAR,4,4. DIPLOMA
A128687,60,NEW,LAKI LAKI,44,MENIKAH,2,Milik Sendiri,SMA,Jakarta 5,Pegawai swasta,18,12082260,0.32,60,144000000,LANCAR,3,3. SMA
A27915,96,NEW,LAKI LAKI,38,MENIKAH,3,Milik Orang Tua,SMA,Palembang,Pegawai BUMN,7,3463642,0.58,96,100000000,LANCAR,3,3. SMA
A64119,24,NEW,PEREMPUAN,41,MENIKAH,0,Milik Sendiri,DIPLOMA,Jakarta 3,Pegawai swasta,22,5849923,0.25,24,30000000,LANCAR,4,4. DIPLOMA
A75689,24,NEW,LAKI LAKI,44,MENIKAH,2,Milik Sendiri,SMA,Jakarta 4,Pegawai swasta,16,4959968,0.2,24,20000000,LANCAR,3,3. SMA
A52508,48,NEW,LAKI LAKI,47,MENIKAH,3,Milik Sendiri,SMA,Jakarta 3,Pegawai swasta,23,5418000,0.22,48,40000000,LANCAR,3,3. SMA
A240812,60,NEW,LAKI LAKI,31,TIDAK MENIKAH,0,Milik Orang Tua,SMA,Denpasar,Pegawai swasta,7,4773067,0.34,60,35000000,LANCAR,3,3. SMA
A149375,24,NEW,LAKI LAKI,37,MENIKAH,3,Milik Sendiri,S1,Jakarta 5,Pegawai swasta,3,21633200,0.09,24,40000000,LANCAR,5,5. S1
A193841,48,NEW,PEREMPUAN,36,MENIKAH,0,Milik Orang Tua,DIPLOMA,Semarang,Pegawai swasta,2,4784150,0.19,48,30000000,LANCAR,4,4. DIPLOMA
A27983,18,NEW,LAKI LAKI,58,MENIKAH,4,Rumah Dinas,SMA,Palembang,Pegawai swasta,22,5000500,0.26,18,23000000,LANCAR,3,3. SMA
A144378,60,NEW,PEREMPUAN,32,MENIKAH,1,Milik Orang Tua,DIPLOMA,Jakarta 5,Pegawai swasta,3,3457903,0.51,60,70000000,LANCAR,4,4. DIPLOMA
A256719,24,NEW,LAKI LAKI,29,MENIKAH,1,Rumah Dinas,SD,Balikpapan,Pegawai swasta,3,3620000,0.42,24,20000000,MACET,1,1. SD
A53480,96,NEW,LAKI LAKI,32,TIDAK MENIKAH,0,Sewa,SMA,Jakarta 3,Pegawai swasta,5,4102450,0.47,96,100000000,LANCAR,3,3. SMA
A199049,60,NEW,LAKI LAKI,28,MENIKAH,1,Milik Orang Tua,S1,Semarang,Pegawai swasta,1,3156225,0.6,60,28000000,LANCAR,5,5. S1
A97237,60,NEW,PEREMPUAN,40,MENIKAH,2,Milik Orang Tua,SMA,Jakarta 4,PNS,21,7302458,0.35,60,71000000,LANCAR,3,3. SMA
A278510,7,TOP,LAKI LAKI,26,MENIKAH,2,Milik Orang Tua,SMA,Medan,Pegawai swasta,6,3884242,0.6,96,86800000,LANCAR,3,3. SMA
A252674,48,NEW,LAKI LAKI,51,MENIKAH,3,Milik Sendiri,DIPLOMA,Jakarta 3,Pegawai swasta,4,17352740,0.3,48,144000000,MACET,4,4. DIPLOMA
A174364,60,NEW,LAKI LAKI,30,TIDAK MENIKAH,0,Milik Sendiri,SMA,Bandung,Pegawai swasta,7,7000000,0.38,60,110000000,LANCAR,3,3. SMA
A264208,36,NEW,LAKI LAKI,28,TIDAK MENIKAH,0,Milik Sendiri,S1,Jakarta 4,Pegawai swasta,6,3262499,0.52,36,8500000,LANCAR,5,5. S1
A185556,60,NEW,LAKI LAKI,30,MENIKAH,2,Milik Orang Tua,DIPLOMA,Bandung,Pegawai swasta,6,2232500,0.39,60,35000000,LANCAR,4,4. DIPLOMA
A227660,36,NEW,PEREMPUAN,25,TIDAK MENIKAH,0,Milik Orang Tua,S1,Surabaya,Pegawai swasta,2,2512693,0.37,36,15000000,LANCAR,5,5. S1
A298714,7,TOP,LAKI LAKI,30,TIDAK MENIKAH,0,Milik Orang Tua,SMA,Jakarta 5,Pegawai swasta,3,3949810,0.33,120,111600000,LANCAR,3,3. SMA
A194547,42,NEW,LAKI LAKI,32,MENIKAH,1,Milik Sendiri,SMA,Semarang,Pegawai BUMN,5,12631667,0.38,42,150000000,LANCAR,3,3. SMA
A329989,11,TOP,LAKI LAKI,30,TIDAK MENIKAH,0,Rumah Dinas,S1,Makassar,Pegawai swasta,2,3265444,0.38,36,33000000,LANCAR,5,5. S1
A312313,7,TOP,PEREMPUAN,28,MENIKAH,1,Milik Orang Tua,SMA,Semarang,Pegawai swasta,4,2534451,0.45,60,34000000,LANCAR,3,3. SMA
A53573,60,NEW,LAKI LAKI,39,MENIKAH,3,Milik Sendiri,SMA,Jakarta 3,Pegawai swasta,14,3191951,0.4,60,50000000,LANCAR,3,3. SMA
A298284,13,TOP,PEREMPUAN,24,MENIKAH,0,Rumah Dinas,SMA,Balikpapan,Pegawai swasta,2,3080742,0.44,36,35000000,LANCAR,3,3. SMA
A263898,48,NEW,LAKI LAKI,31,TIDAK MENIKAH,0,Milik Orang Tua,S1,Jakarta 4,Pegawai swasta,3,5073126,0.34,48,45000000,LANCAR,5,5. S1
A57385,36,NEW,LAKI LAKI,32,MENIKAH,1,Milik Orang Tua,SMA,Jakarta 3,Pegawai swasta,3,2636400,0.27,36,20000000,LANCAR,3,3. SMA
A180226,36,NEW,LAKI LAKI,24,MENIKAH,1,Milik Sendiri,DIPLOMA,Bandung,Pegawai swasta,2,2740781,0.27,36,20000000,LANCAR,4,4. DIPLOMA
A272776,48,NEW,LAKI LAKI,31,MENIKAH,1,Milik Orang Tua,S1,Semarang,Pegawai swasta,4,3386917,0.27,48,30000000,LANCAR,5,5. S1
A75054,12,NEW,LAKI LAKI,30,TIDAK MENIKAH,0,Milik Orang Tua,SMA,Jakarta 4,Pegawai swasta,2,3103792,0.6,12,9000000,LANCAR,3,3. SMA
A157262,60,NEW,PEREMPUAN,30,MENIKAH,0,Milik Orang Tua,S1,Jakarta 5,Pegawai swasta,2,12800000,0.08,60,40000000,LANCAR,5,5. S1
A267241,48,NEW,LAKI LAKI,32,MENIKAH,0,Milik Sendiri,DIPLOMA,Bandung,Pegawai swasta,5,3256890,0.45,48,50000000,LANCAR,4,4. DIPLOMA
A50113,36,NEW,LAKI LAKI,44,MENIKAH,2,Milik Sendiri,SMA,Jakarta 3,Pegawai swasta,10,3704111,0.31,36,29000000,LANCAR,3,3. SMA
A309156,11,TOP,PEREMPUAN,28,MENIKAH,1,Milik Orang Tua,SMA,Bandung,Pegawai swasta,9,5044590,0.48,96,125400000,LANCAR,3,3. SMA
A35101,72,NEW,LAKI LAKI,29,TIDAK MENIKAH,0,Rumah Dinas,S1,Palembang,Pegawai swasta,2,16982332,0.45,72,350000000,LANCAR,5,5. S1
A272632,60,NEW,LAKI LAKI,31,MENIKAH,3,Sewa,SMA,Jakarta 5,Pegawai swasta,6,3493133,0.23,60,30000000,LANCAR,3,3. SMA
A112701,36,NEW,LAKI LAKI,46,MENIKAH,3,Sewa,SMA,Balikpapan,Pegawai swasta,6,8040119,0.33,36,60000000,LANCAR,3,3. SMA
A315396,15,TOP,LAKI LAKI,38,MENIKAH,0,Sewa,S1,Surabaya,Pegawai swasta,3,4650769,0.33,96,97000000,LANCAR,5,5. S1
A133780,60,NEW,LAKI LAKI,32,MENIKAH,2,Milik Sendiri,SMA,Jakarta 5,Pegawai swasta,9,5000000,0.15,60,30000000,LANCAR,3,3. SMA
A220253,48,NEW,LAKI LAKI,37,MENIKAH,2,Milik Sendiri,S1,Surabaya,Pegawai swasta,10,5229137,0.22,48,40000000,LANCAR,5,5. S1
A6805,48,NEW,PEREMPUAN,52,TIDAK MENIKAH,0,Milik Sendiri,S1,Medan,Pegawai BUMN,17,12667140,0.4,48,215300000,LANCAR,5,5. S1
A100417,48,NEW,LAKI LAKI,42,MENIKAH,4,Milik Orang Tua,S1,Jakarta 4,Pegawai swasta,4,3472000,0.31,48,31000000,LANCAR,5,5. S1
A121896,12,NEW,PEREMPUAN,40,TIDAK MENIKAH,0,Milik Sendiri,S1,Balikpapan,Pegawai swasta,14,4313338,0.28,12,11500000,LANCAR,5,5. S1
A94838,36,NEW,LAKI LAKI,34,MENIKAH,4,Milik Sendiri,SMA,Jakarta 4,Pegawai swasta,8,10000000,0.29,36,80000000,LANCAR,3,3. SMA
A51155,96,NEW,LAKI LAKI,30,MENIKAH,1,Milik Sendiri,SMA,Jakarta 3,Pegawai swasta,7,4640084,0.33,96,80000000,LANCAR,3,3. SMA
A60561,24,NEW,PEREMPUAN,26,TIDAK MENIKAH,0,Milik Orang Tua,DIPLOMA,Jakarta 3,Pegawai swasta,1,3919563,0.26,24,20000000,LANCAR,4,4. DIPLOMA
A175550,120,NEW,PEREMPUAN,30,MENIKAH,2,Milik Sendiri,DIPLOMA,Bandung,PNS,7,7167402,0.49,120,200000000,LANCAR,4,4. DIPLOMA
A161466,60,NEW,PEREMPUAN,37,MENIKAH,2,Milik Sendiri,S1,Jakarta 5,Pegawai BUMN,11,4500000,0.25,60,36000000,LANCAR,5,5. S1
A293357,10,TOP,PEREMPUAN,23,TIDAK MENIKAH,0,Milik Orang Tua,DIPLOMA,Jakarta 4,Pegawai swasta,3,3916562,0.5,96,106500000,LANCAR,4,4. DIPLOMA
A114248,24,NEW,LAKI LAKI,39,MENIKAH,2,Sewa,SMA,Balikpapan,Pegawai swasta,5,6438743,0.29,24,35000000,LANCAR,3,3. SMA
A217430,96,NEW,PEREMPUAN,26,MENIKAH,1,Milik Orang Tua,S1,Surabaya,Pegawai swasta,2,2791559,0.58,96,60000000,LANCAR,5,5. S1
A163792,24,NEW,LAKI LAKI,58,MENIKAH,5,Milik Sendiri,S1,Bandung,Pegawai BUMN,10,6467003,0.19,24,25000000,LANCAR,5,5. S1
A40035,24,NEW,LAKI LAKI,31,MENIKAH,2,Milik Sendiri,SMA,Palembang,Pegawai swasta,4,9925656,0.36,24,57500000,LANCAR,3,3. SMA
A211346,36,NEW,LAKI LAKI,35,MENIKAH,2,Milik Sendiri,DIPLOMA,Surabaya,PNS,10,7254900,0.06,36,12000000,LANCAR,4,4. DIPLOMA
A259930,96,NEW,LAKI LAKI,37,MENIKAH,1,Sewa,DIPLOMA,Surabaya,Pegawai swasta,3,2589495,0.6,96,50000000,MACET,4,4. DIPLOMA
A244438,96,NEW,LAKI LAKI,39,MENIKAH,2,Rumah Dinas,SMA,Jayapura,Pegawai swasta,5,9229729,0.42,96,200000000,LANCAR,3,3. SMA
A9063,84,NEW,LAKI LAKI,42,MENIKAH,0,Milik Sendiri,S1,Medan,Pegawai swasta,2,9105000,0.55,84,200000000,LANCAR,5,5. S1
A127754,60,NEW,LAKI LAKI,50,MENIKAH,3,Milik Sendiri,SMA,Jakarta 5,Pegawai swasta,6,3245943,0.21,60,25000000,LANCAR,3,3. SMA
A20273,120,NEW,LAKI LAKI,44,MENIKAH,3,Milik Sendiri,S1,Medan,Pegawai swasta,4,7207748,0.37,120,150000000,LANCAR,5,5. S1
A123854,18,NEW,LAKI LAKI,28,MENIKAH,2,Milik Orang Tua,SMA,Balikpapan,Pegawai swasta,4,2562280,0.29,18,10000000,LANCAR,3,3. SMA
A143066,24,NEW,LAKI LAKI,55,MENIKAH,2,Rumah Dinas,SMA,Jakarta 5,Pegawai swasta,10,4390911,0.33,24,20000000,LANCAR,3,3. SMA
A300566,7,TOP,LAKI LAKI,33,MENIKAH,0,Milik Sendiri,SMA,Jakarta 5,Pegawai swasta,4,2784067,0.4,72,53000000,LANCAR,3,3. SMA
A94119,60,NEW,LAKI LAKI,42,MENIKAH,1,Milik Sendiri,SMA,Jakarta 4,Pegawai swasta,21,7278714,0.35,60,100000000,LANCAR,3,3. SMA
A53301,36,NEW,LAKI LAKI,39,MENIKAH,3,Sewa,SMA,Jakarta 3,Pegawai swasta,15,3000000,0.43,36,35000000,LANCAR,3,3. SMA
A142373,36,NEW,PEREMPUAN,51,MENIKAH,3,Milik Sendiri,SMA,Jakarta 5,Pegawai swasta,25,5598000,0.31,36,36000000,LANCAR,3,3. SMA
A28679,36,NEW,LAKI LAKI,57,MENIKAH,3,Milik Orang Tua,SMA,Palembang,Pegawai BUMN,3,8677714,0.41,36,95000000,LANCAR,3,3. SMA
A26414,96,NEW,LAKI LAKI,28,MENIKAH,0,Milik Sendiri,SMA,Medan,Pegawai swasta,5,3960009,0.51,96,106000000,LANCAR,3,3. SMA
A320476,14,TOP,LAKI LAKI,36,MENIKAH,3,Milik Sendiri,S1,Surabaya,Pegawai swasta,4,4314577,0.47,48,70100000,LANCAR,5,5. S1
A264224,96,NEW,PEREMPUAN,33,MENIKAH,1,Milik Sendiri,DIPLOMA,Jakarta 4,Pegawai swasta,1,3123550,0.57,96,75000000,LANCAR,4,4. DIPLOMA
A277520,23,TOP,LAKI LAKI,35,MENIKAH,0,Milik Sendiri,SMA,Medan,Pegawai swasta,5,3967503,0.34,60,53100000,LANCAR,3,3. SMA
A267874,48,NEW,PEREMPUAN,43,MENIKAH,4,Rumah Dinas,DIPLOMA,Semarang,PNS,12,6906967,0.43,48,100000000,LANCAR,4,4. DIPLOMA
A252264,48,NEW,LAKI LAKI,56,MENIKAH,3,Milik Sendiri,SMA,Jakarta 3,Pegawai swasta,20,14606573,0.3,48,144000000,MACET,3,3. SMA
A264118,48,NEW,LAKI LAKI,36,CERAI,1,Milik Sendiri,S1,Jakarta 4,PNS,1,54343800,0.19,48,350000000,LANCAR,5,5. S1
A300860,23,TOP,LAKI LAKI,25,TIDAK MENIKAH,0,Milik Orang Tua,SMA,Jakarta 5,Pegawai swasta,4,4119652,0.47,96,115000000,LANCAR,3,3. SMA
A305267,15,TOP,LAKI LAKI,23,MENIKAH,1,Milik Orang Tua,SMA,Jakarta 5,Pegawai swasta,3,3020133,0.37,48,40000000,LANCAR,3,3. SMA
A163067,36,NEW,LAKI LAKI,37,MENIKAH,3,Milik Sendiri,DIPLOMA,Jakarta 5,Pegawai swasta,13,7473505,0.09,36,20000000,LANCAR,4,4. DIPLOMA
A164048,48,NEW,LAKI LAKI,32,TIDAK MENIKAH,0,Milik Sendiri,SMA,Bandung,Pegawai swasta,4,3282259,0.19,48,11000000,LANCAR,3,3. SMA
A17021,84,NEW,LAKI LAKI,52,MENIKAH,2,Milik Sendiri,DIPLOMA,Medan,Pegawai swasta,24,26727876,0.28,84,375000000,LANCAR,4,4. DIPLOMA
A180883,60,NEW,LAKI LAKI,41,MENIKAH,3,Milik Sendiri,SMA,Bandung,Pegawai swasta,5,4195950,0.32,60,35000000,LANCAR,3,3. SMA
A20262,60,NEW,LAKI LAKI,39,MENIKAH,2,Milik Orang Tua,SMA,Medan,Pegawai swasta,6,4451333,0.24,60,40000000,LANCAR,3,3. SMA
A311959,10,TOP,LAKI LAKI,55,MENIKAH,4,Milik Sendiri,S1,Semarang,PNS,29,12991177,0.09,24,49500000,LANCAR,5,5. S1
A48871,24,NEW,LAKI LAKI,32,MENIKAH,1,Milik Sendiri,SMA,Jakarta 3,Pegawai swasta,6,5705139,0.35,24,40000000,LANCAR,3,3. SMA
A17522,24,NEW,LAKI LAKI,31,MENIKAH,2,Milik Orang Tua,S1,Medan,Pegawai swasta,2,3029600,0.32,24,20000000,LANCAR,5,5. S1
A2617,96,NEW,LAKI LAKI,46,MENIKAH,0,Milik Sendiri,SMA,Medan,PNS,18,6280553,0.6,96,150000000,LANCAR,3,3. SMA
A108047,36,NEW,LAKI LAKI,44,MENIKAH,2,Milik Sendiri,S1,Balikpapan,Pegawai swasta,8,11999000,0.15,36,35000000,LANCAR,5,5. S1
A20712,60,NEW,PEREMPUAN,40,MENIKAH,3,Milik Sendiri,SMA,Medan,Pegawai swasta,8,3125823,0.43,60,28100000,LANCAR,3,3. SMA
A21002,24,NEW,LAKI LAKI,23,TIDAK MENIKAH,0,Milik Orang Tua,SMA,Medan,Pegawai swasta,1,3000000,0.43,24,17500000,LANCAR,3,3. SMA
A244371,96,NEW,LAKI LAKI,42,TIDAK MENIKAH,0,Rumah Dinas,S1,Jayapura,Pegawai swasta,8,15074146,0.32,96,250000000,LANCAR,5,5. S1
A286928,10,TOP,LAKI LAKI,25,TIDAK MENIKAH,0,Sewa,DIPLOMA,Jakarta 3,Pegawai BUMN,1,4289703,0.29,18,32000000,LANCAR,4,4. DIPLOMA
A156519,60,NEW,LAKI LAKI,39,CERAI,1,Kredit,SMA,Jakarta 5,Pegawai swasta,9,7500000,0.18,60,43500000,LANCAR,3,3. SMA
A245030,60,NEW,LAKI LAKI,55,MENIKAH,2,Milik Sendiri,S1,Jayapura,Pegawai swasta,23,10639506,0.57,60,250000000,LANCAR,5,5. S1
A194065,60,NEW,LAKI LAKI,38,MENIKAH,2,Milik Sendiri,S1,Semarang,PNS,13,17337850,0.19,60,135000000,LANCAR,5,5. S1
A214459,24,NEW,LAKI LAKI,59,MENIKAH,0,Milik Sendiri,S2/S3,Surabaya,PNS,20,9582035,0.51,24,100000000,LANCAR,6,6. S2/S3
A291213,11,TOP,LAKI LAKI,34,MENIKAH,1,Milik Orang Tua,SMA,Jakarta 4,Pegawai swasta,10,4763266,0.43,96,69000000,LANCAR,3,3. SMA
A235274,36,NEW,LAKI LAKI,36,MENIKAH,2,Milik Orang Tua,SMA,Makassar,Pegawai swasta,2,3679560,0.41,36,29000000,LANCAR,3,3. SMA
A209830,36,NEW,LAKI LAKI,46,MENIKAH,2,Milik Sendiri,S1,Surabaya,Pegawai swasta,17,3602498,0.42,36,25000000,LANCAR,5,5. S1
A108559,12,NEW,LAKI LAKI,58,MENIKAH,3,Rumah Dinas,SMA,Balikpapan,Pegawai BUMN,5,20215668,0.38,12,120000000,LANCAR,3,3. SMA
A142958,36,NEW,LAKI LAKI,34,MENIKAH,2,Milik Sendiri,SMA,Jakarta 5,Pegawai swasta,1,4500000,0.12,36,15000000,LANCAR,3,3. SMA
A201505,96,NEW,PEREMPUAN,44,MENIKAH,1,Milik Sendiri,SMA,Surabaya,PNS,12,3391167,0.6,96,100000000,LANCAR,3,3. SMA
A27088,60,NEW,LAKI LAKI,33,MENIKAH,2,Rumah Dinas,S1,Medan,Pegawai swasta,6,5693242,0.26,60,51200000,LANCAR,5,5. S1
A76408,36,NEW,LAKI LAKI,32,MENIKAH,1,Milik Orang Tua,S1,Jakarta 4,PNS,4,10104333,0.34,36,95000000,LANCAR,5,5. S1
A131440,96,NEW,LAKI LAKI,38,MENIKAH,3,Milik Sendiri,SMA,Jakarta 5,Pegawai swasta,15,2731175,0.57,96,50000000,LANCAR,3,3. SMA
A138439,36,NEW,LAKI LAKI,41,MENIKAH,2,Milik Orang Tua,SMA,Jakarta 5,Pegawai swasta,16,3000000,0.25,36,20000000,LANCAR,3,3. SMA
A160246,60,NEW,LAKI LAKI,28,MENIKAH,2,Milik Orang Tua,SMA,Jakarta 5,Pegawai swasta,8,4000000,0.19,60,20000000,LANCAR,3,3. SMA
A326158,21,TOP,LAKI LAKI,44,MENIKAH,3,Milik Sendiri,SMA,Jakarta 4,Pegawai swasta,22,7093255,0.6,120,218000000,LANCAR,3,3. SMA
A209472,36,NEW,LAKI LAKI,31,MENIKAH,0,Milik Sendiri,S1,Surabaya,Pegawai swasta,5,2441918,0.3,36,20000000,LANCAR,5,5. S1
A189663,96,NEW,LAKI LAKI,38,MENIKAH,1,Milik Sendiri,SMA,Semarang,Pegawai swasta,4,2913182,0.6,96,50000000,LANCAR,3,3. SMA
A67602,60,NEW,LAKI LAKI,33,MENIKAH,2,Milik Sendiri,DIPLOMA,Jakarta 3,Pegawai swasta,2,5000000,0.25,60,50000000,LANCAR,4,4. DIPLOMA
A142352,24,NEW,LAKI LAKI,39,MENIKAH,1,Milik Orang Tua,DIPLOMA,Jakarta 5,Pegawai swasta,2,4343426,0.12,24,10000000,LANCAR,4,4. DIPLOMA
A217252,60,NEW,LAKI LAKI,38,MENIKAH,2,Milik Sendiri,DIPLOMA,Surabaya,PNS,16,12117755,0.22,60,75000000,LANCAR,4,4. DIPLOMA
A24674,60,NEW,PEREMPUAN,36,MENIKAH,2,Milik Sendiri,DIPLOMA,Medan,Pegawai swasta,13,8267600,0.23,60,75000000,LANCAR,4,4. DIPLOMA
A306896,6,TOP,LAKI LAKI,33,MENIKAH,3,Milik Sendiri,SMA,Bandung,Pegawai swasta,3,3660206,0.55,96,65000000,LANCAR,3,3. SMA
A211704,48,NEW,LAKI LAKI,29,TIDAK MENIKAH,0,Milik Orang Tua,SMA,Surabaya,Pegawai swasta,3,2511670,0.25,48,20000000,LANCAR,3,3. SMA
A283934,21,TOP,LAKI LAKI,30,MENIKAH,2,Milik Sendiri,SMA,Jakarta 3,Pegawai BUMN,6,5604327,0.6,120,150000000,LANCAR,3,3. SMA
A56181,72,NEW,LAKI LAKI,29,TIDAK MENIKAH,0,Sewa,SMA,Jakarta 3,Pegawai swasta,6,3437150,0.27,72,40000000,LANCAR,3,3. SMA
A30075,48,NEW,LAKI LAKI,56,MENIKAH,4,Milik Sendiri,DIPLOMA,Palembang,Pegawai BUMN,25,10413407,0.42,48,148000000,LANCAR,4,4. DIPLOMA
A68790,96,NEW,LAKI LAKI,30,MENIKAH,1,Milik Orang Tua,SMA,Jakarta 3,Pegawai swasta,1,5583770,0.6,96,127000000,LANCAR,3,3. SMA
A89552,36,NEW,LAKI LAKI,42,MENIKAH,3,Milik Orang Tua,DIPLOMA,Jakarta 4,Pegawai swasta,2,3394986,0.22,36,20000000,LANCAR,4,4. DIPLOMA
A74791,36,NEW,LAKI LAKI,25,TIDAK MENIKAH,0,Milik Orang Tua,SMA,Jakarta 4,Pegawai swasta,4,3500000,0.22,36,20000000,LANCAR,3,3. SMA
A98014,36,NEW,LAKI LAKI,49,MENIKAH,3,Milik Sendiri,SMA,Jakarta 4,Pegawai swasta,16,17092104,0.33,36,150000000,LANCAR,3,3. SMA
A207629,96,NEW,PEREMPUAN,32,MENIKAH,2,Milik Sendiri,DIPLOMA,Surabaya,PNS,8,4806042,0.3,96,75000000,LANCAR,4,4. DIPLOMA
A89496,36,NEW,PEREMPUAN,31,MENIKAH,1,Sewa,DIPLOMA,Jakarta 4,PNS,7,4422500,0.4,36,50000000,LANCAR,4,4. DIPLOMA
A210929,36,NEW,LAKI LAKI,53,MENIKAH,2,Sewa,SMA,Surabaya,Pegawai swasta,25,2224400,0.33,36,18000000,LANCAR,3,3. SMA
A197793,18,NEW,LAKI LAKI,52,MENIKAH,2,Rumah Dinas,SMA,Semarang,Pegawai swasta,1,6424104,0.29,18,34500000,LANCAR,3,3. SMA
A330010,8,TOP,LAKI LAKI,35,MENIKAH,3,Sewa,SMA,Denpasar,Pegawai swasta,12,4371300,0.46,96,107000000,LANCAR,3,3. SMA
A250846,36,NEW,LAKI LAKI,32,MENIKAH,1,Milik Sendiri,SMA,Medan,Pegawai swasta,6,3801285,0.35,36,30000000,MACET,3,3. SMA
A126389,36,NEW,LAKI LAKI,31,MENIKAH,3,Milik Orang Tua,SMA,Balikpapan,Pegawai swasta,7,3940200,0.27,36,30000000,LANCAR,3,3. SMA
A219755,24,NEW,LAKI LAKI,38,MENIKAH,1,Milik Sendiri,S1,Surabaya,Pegawai swasta,3,5800675,0.13,24,7500000,LANCAR,5,5. S1
A165267,24,NEW,LAKI LAKI,27,TIDAK MENIKAH,0,Milik Orang Tua,SMA,Bandung,Pegawai swasta,3,4000000,0.13,24,10000000,LANCAR,3,3. SMA
A231837,60,NEW,LAKI LAKI,38,MENIKAH,2,Milik Sendiri,S1,Makassar,PNS,4,10400000,0.18,60,75000000,LANCAR,5,5. S1
A191358,60,NEW,LAKI LAKI,28,TIDAK MENIKAH,0,Milik Orang Tua,SMA,Semarang,Pegawai swasta,1,2594237,0.3,60,30000000,LANCAR,3,3. SMA
A258531,60,NEW,PEREMPUAN,27,MENIKAH,1,Sewa,SMA,Bandung,Pegawai swasta,4,3448245,0.47,60,30000000,MACET,3,3. SMA
A218662,60,NEW,LAKI LAKI,23,TIDAK MENIKAH,0,Rumah Dinas,SMA,Surabaya,Pegawai BUMN,3,4207800,0.37,60,60000000,LANCAR,3,3. SMA
A68206,24,NEW,LAKI LAKI,35,MENIKAH,2,Milik Sendiri,SMA,Jakarta 3,Pegawai swasta,9,3471000,0.22,24,15000000,LANCAR,3,3. SMA
A141035,60,NEW,LAKI LAKI,40,MENIKAH,2,Milik Sendiri,S1,Jakarta 5,Pegawai swasta,11,2915333,0.28,60,26000000,LANCAR,5,5. S1
A177437,84,NEW,LAKI LAKI,51,MENIKAH,2,Milik Sendiri,DIPLOMA,Bandung,Pegawai BUMN,14,6620688,0.6,84,175000000,LANCAR,4,4. DIPLOMA
A49361,36,NEW,PEREMPUAN,51,CERAI,1,Sewa,SMP,Jakarta 3,Pegawai swasta,13,2809209,0.4,36,20000000,LANCAR,2,2. SMP
A137811,60,NEW,LAKI LAKI,50,MENIKAH,5,Milik Sendiri,S1,Jakarta 5,Pegawai swasta,22,11923000,0.21,60,38000000,LANCAR,5,5. S1
A39718,36,NEW,LAKI LAKI,42,MENIKAH,4,Milik Sendiri,SMA,Palembang,Pegawai swasta,2,4119150,0.32,36,32500000,LANCAR,3,3. SMA
A311158,6,TOP,PEREMPUAN,37,MENIKAH,1,Milik Sendiri,S1,Semarang,Pegawai swasta,11,2157048,0.47,96,40000000,LANCAR,5,5. S1
A32719,24,NEW,LAKI LAKI,40,MENIKAH,3,Milik Orang Tua,SMA,Palembang,Pegawai swasta,11,8900000,0.58,24,51500000,LANCAR,3,3. SMA
A23772,96,NEW,LAKI LAKI,31,TIDAK MENIKAH,0,Milik Orang Tua,SMA,Medan,Pegawai swasta,5,4360895,0.58,96,112000000,LANCAR,3,3. SMA
A96372,84,NEW,LAKI LAKI,28,MENIKAH,2,Milik Orang Tua,SMA,Jakarta 4,Pegawai swasta,6,4425975,0.37,84,80000000,LANCAR,3,3. SMA
A207496,60,NEW,LAKI LAKI,30,MENIKAH,0,Milik Sendiri,S1,Surabaya,Pegawai swasta,9,2960833,0.52,60,45000000,LANCAR,5,5. S1
A307014,17,TOP,LAKI LAKI,44,MENIKAH,3,Milik Sendiri,SMA,Bandung,Pegawai swasta,15,3868416,0.32,60,59000000,LANCAR,3,3. SMA
A292299,12,TOP,LAKI LAKI,32,MENIKAH,0,Milik Orang Tua,S1,Jakarta 4,Pegawai swasta,3,5243900,0.53,120,156000000,LANCAR,5,5. S1
A290363,8,TOP,LAKI LAKI,37,MENIKAH,3,Milik Sendiri,SMA,Jakarta 4,Pegawai swasta,10,4123380,0.25,60,39300000,LANCAR,3,3. SMA
A62004,36,NEW,PEREMPUAN,46,MENIKAH,2,Milik Sendiri,SMA,Jakarta 3,Pegawai BUMN,25,17578517,0.6,36,300000000,LANCAR,3,3. SMA
A250509,48,NEW,LAKI LAKI,38,MENIKAH,2,Milik Sendiri,SMA,Medan,Pegawai swasta,1,5055000,0.37,48,45000000,MACET,3,3. SMA
A69738,60,NEW,LAKI LAKI,34,MENIKAH,1,Milik Sendiri,DIPLOMA,Jakarta 3,Pegawai swasta,2,3886810,0.45,60,61000000,LANCAR,4,4. DIPLOMA
A133700,48,NEW,LAKI LAKI,52,MENIKAH,2,Milik Sendiri,SMA,Jakarta 5,Pegawai swasta,11,3429132,0.41,48,30000000,LANCAR,3,3. SMA
A137542,60,NEW,LAKI LAKI,36,TIDAK MENIKAH,0,Milik Orang Tua,S1,Jakarta 5,Pegawai swasta,2,7792836,0.26,60,70000000,LANCAR,5,5. S1
A26402,60,NEW,LAKI LAKI,28,MENIKAH,1,Sewa,S1,Medan,Pegawai swasta,2,6203225,0.4,60,100000000,LANCAR,5,5. S1
A125290,24,NEW,LAKI LAKI,37,MENIKAH,2,Milik Sendiri,SMA,Balikpapan,Pegawai swasta,2,4283790,0.23,24,20000000,LANCAR,3,3. SMA
A312408,7,TOP,LAKI LAKI,24,TIDAK MENIKAH,0,Milik Orang Tua,SMA,Semarang,Pegawai swasta,2,3200000,0.47,66,67000000,LANCAR,3,3. SMA
A21824,36,NEW,LAKI LAKI,34,MENIKAH,2,Milik Orang Tua,SMA,Medan,Pegawai swasta,10,4379346,0.42,36,50000000,LANCAR,3,3. SMA
A39771,120,NEW,LAKI LAKI,29,MENIKAH,3,Milik Sendiri,DIPLOMA,Palembang,PNS,8,7972900,0.44,120,200000000,LANCAR,4,4. DIPLOMA
A319612,12,TOP,LAKI LAKI,52,MENIKAH,2,Milik Sendiri,SMA,Surabaya,Pegawai swasta,25,5963217,0.49,48,88000000,LANCAR,3,3. SMA
A104741,24,NEW,LAKI LAKI,48,MENIKAH,1,Milik Sendiri,SMA,Balikpapan,Pegawai swasta,19,3815508,0.2,24,15000000,LANCAR,3,3. SMA
A192856,36,NEW,PEREMPUAN,33,MENIKAH,1,Sewa,S1,Semarang,Pegawai swasta,6,4813880,0.47,36,35000000,LANCAR,5,5. S1
A287496,7,TOP,PEREMPUAN,22,TIDAK MENIKAH,0,Sewa,SMA,Jakarta 3,Pegawai swasta,3,4457233,0.56,60,74500000,LANCAR,3,3. SMA
A41804,12,NEW,LAKI LAKI,31,MENIKAH,1,Milik Orang Tua,SMA,Palembang,Pegawai swasta,1,6993975,0.53,12,22500000,LANCAR,3,3. SMA
A206670,36,NEW,LAKI LAKI,30,TIDAK MENIKAH,0,Milik Orang Tua,DIPLOMA,Surabaya,Pegawai swasta,2,3047547,0.6,36,20000000,LANCAR,4,4. DIPLOMA
A94831,24,NEW,LAKI LAKI,33,MENIKAH,3,Milik Sendiri,SMA,Jakarta 4,Pegawai swasta,9,5701155,0.26,24,28000000,LANCAR,3,3. SMA
A292001,24,TOP,LAKI LAKI,28,TIDAK MENIKAH,0,Sewa,SMA,Jakarta 4,Pegawai swasta,4,5298220,0.29,60,63000000,LANCAR,3,3. SMA
A300967,19,TOP,PEREMPUAN,27,MENIKAH,1,Milik Orang Tua,S1,Jakarta 5,Pegawai swasta,6,4380000,0.22,60,45000000,LANCAR,5,5. S1
A71548,48,NEW,PEREMPUAN,53,CERAI,1,Milik Sendiri,SMA,Jakarta 4,Pegawai swasta,23,3076438,0.48,48,50000000,LANCAR,3,3. SMA
A157671,72,NEW,LAKI LAKI,32,MENIKAH,2,Milik Sendiri,S1,Jakarta 5,Pegawai BUMN,7,6500000,0.49,72,106000000,LANCAR,5,5. S1
A83426,60,NEW,PEREMPUAN,35,MENIKAH,2,Sewa,S2/S3,Jakarta 4,PNS,1,10000000,0.31,60,125000000,LANCAR,6,6. S2/S3
A146070,12,NEW,PEREMPUAN,31,TIDAK MENIKAH,0,Milik Orang Tua,S1,Jakarta 5,Pegawai swasta,4,4000000,0.34,12,15000000,LANCAR,5,5. S1
A198842,60,NEW,LAKI LAKI,35,TIDAK MENIKAH,0,Milik Orang Tua,S1,Semarang,Pegawai swasta,6,4250000,0.16,60,25000000,LANCAR,5,5. S1
A10947,72,NEW,LAKI LAKI,41,MENIKAH,2,Milik Sendiri,SMA,Medan,PNS,9,5210456,0.48,72,100000000,LANCAR,3,3. SMA
A180087,36,NEW,PEREMPUAN,32,MENIKAH,0,Milik Sendiri,DIPLOMA,Bandung,Pegawai swasta,1,3462790,0.45,36,30000000,LANCAR,4,4. DIPLOMA
A326059,15,TOP,LAKI LAKI,37,MENIKAH,3,Milik Sendiri,S1,Jakarta 3,Pegawai swasta,10,5749146,0.36,120,126000000,LANCAR,5,5. S1
A102095,36,NEW,LAKI LAKI,53,MENIKAH,4,Rumah Dinas,SMA,Balikpapan,Pegawai swasta,2,3336446,0.41,36,30000000,LANCAR,3,3. SMA
A277491,32,TOP,PEREMPUAN,39,MENIKAH,2,Milik Sendiri,SMA,Medan,Pegawai swasta,9,6167200,0.24,36,74200000,LANCAR,3,3. SMA
A10900,36,NEW,LAKI LAKI,40,MENIKAH,2,Milik Sendiri,S1,Medan,Pegawai swasta,7,8026993,0.07,36,15000000,LANCAR,5,5. S1
A12198,36,NEW,LAKI LAKI,28,TIDAK MENIKAH,0,Sewa,SMA,Medan,Pegawai swasta,1,4523668,0.33,36,36000000,LANCAR,3,3. SMA
A169629,24,NEW,LAKI LAKI,35,MENIKAH,2,Sewa,S1,Bandung,Pegawai swasta,5,3446858,0.44,24,25000000,LANCAR,5,5. S1
A132054,48,NEW,LAKI LAKI,43,MENIKAH,2,Sewa,SMA,Jakarta 5,Pegawai swasta,12,4058950,0.23,48,25000000,LANCAR,3,3. SMA
A267589,60,NEW,PEREMPUAN,27,MENIKAH,1,Milik Sendiri,DIPLOMA,Bandung,Pegawai swasta,7,2854333,0.44,60,45000000,LANCAR,4,4. DIPLOMA
A8986,42,NEW,LAKI LAKI,49,MENIKAH,2,Sewa,SMA,Medan,Pegawai swasta,3,2930770,0.3,42,25000000,LANCAR,3,3. SMA
A63231,120,NEW,LAKI LAKI,39,MENIKAH,2,Milik Sendiri,S1,Jakarta 3,Pegawai swasta,18,11297193,0.52,120,350000000,LANCAR,5,5. S1
A210286,72,NEW,LAKI LAKI,44,MENIKAH,1,Milik Orang Tua,DIPLOMA,Surabaya,Pegawai swasta,13,4591432,0.36,72,72000000,LANCAR,4,4. DIPLOMA
A53081,24,NEW,LAKI LAKI,29,TIDAK MENIKAH,0,Milik Orang Tua,SMA,Jakarta 3,Pegawai swasta,4,3301776,0.46,24,30000000,LANCAR,3,3. SMA
A68479,12,NEW,LAKI LAKI,48,MENIKAH,3,Milik Sendiri,SMA,Jakarta 3,Pegawai swasta,18,5215067,0.26,12,15000000,LANCAR,3,3. SMA
A105485,36,NEW,LAKI LAKI,44,MENIKAH,5,Milik Sendiri,SMA,Balikpapan,Pegawai swasta,1,7932500,0.42,36,60000000,LANCAR,3,3. SMA
A147845,30,NEW,PEREMPUAN,26,TIDAK MENIKAH,0,Milik Orang Tua,DIPLOMA,Jakarta 5,Pegawai swasta,1,3997978,0.22,30,20000000,LANCAR,4,4. DIPLOMA
A181376,24,NEW,LAKI LAKI,29,TIDAK MENIKAH,0,Milik Orang Tua,S1,Bandung,Pegawai swasta,2,5848750,0.31,24,34000000,LANCAR,5,5. S1
A263224,120,NEW,LAKI LAKI,43,MENIKAH,1,Milik Sendiri,S1,Palembang,Pegawai BUMN,11,14825757,0.28,120,190000000,LANCAR,5,5. S1
A119323,72,NEW,LAKI LAKI,46,MENIKAH,3,Rumah Dinas,SMA,Balikpapan,PNS,6,5998633,0.16,72,45000000,LANCAR,3,3. SMA
A293708,15,TOP,LAKI LAKI,29,MENIKAH,3,Sewa,DIPLOMA,Jakarta 4,Pegawai swasta,6,6364300,0.34,60,63000000,LANCAR,4,4. DIPLOMA
A189115,60,NEW,PEREMPUAN,54,MENIKAH,3,Milik Sendiri,S1,Semarang,PNS,25,4571350,0.56,60,100000000,LANCAR,5,5. S1
A179847,96,NEW,LAKI LAKI,29,MENIKAH,1,Sewa,SMA,Bandung,Pegawai swasta,3,3783000,0.41,96,75000000,LANCAR,3,3. SMA
A134765,24,NEW,PEREMPUAN,33,MENIKAH,1,Sewa,SMA,Jakarta 5,Pegawai swasta,13,2970383,0.26,24,15000000,LANCAR,3,3. SMA
A324719,7,TOP,LAKI LAKI,47,MENIKAH,1,Milik Sendiri,S1,Jayapura,Pegawai swasta,11,10467588,0.6,60,231000000,LANCAR,5,5. S1
A234748,36,NEW,LAKI LAKI,31,MENIKAH,1,Milik Orang Tua,SMA,Makassar,Pegawai swasta,4,11319725,0.33,36,100000000,LANCAR,3,3. SMA
A85543,48,NEW,LAKI LAKI,44,MENIKAH,3,Milik Sendiri,S1,Jakarta 4,Pegawai swasta,9,24000000,0.08,48,60000000,LANCAR,5,5. S1
A133549,24,NEW,LAKI LAKI,33,MENIKAH,2,Milik Sendiri,SMA,Jakarta 5,Pegawai swasta,11,4206973,0.18,24,15000000,LANCAR,3,3. SMA
A39199,36,NEW,LAKI LAKI,47,MENIKAH,3,Milik Sendiri,DIPLOMA,Palembang,Pegawai swasta,12,7139579,0.16,36,29500000,LANCAR,4,4. DIPLOMA
A50429,60,NEW,LAKI LAKI,30,MENIKAH,2,Milik Sendiri,SMA,Jakarta 3,Pegawai swasta,5,3030758,0.45,60,27000000,LANCAR,3,3. SMA
A303660,12,TOP,LAKI LAKI,40,MENIKAH,2,Milik Sendiri,SMA,Jakarta 5,Pegawai swasta,16,5904825,0.25,48,50000000,LANCAR,3,3. SMA
A32355,60,NEW,LAKI LAKI,32,TIDAK MENIKAH,0,Milik Orang Tua,S1,Palembang,PNS,2,4606000,0.29,60,41000000,LANCAR,5,5. S1
A269842,120,NEW,LAKI LAKI,29,MENIKAH,1,Milik Orang Tua,DIPLOMA,Makassar,Pegawai swasta,2,8474270,0.42,120,200000000,LANCAR,4,4. DIPLOMA
A328993,11,TOP,LAKI LAKI,38,MENIKAH,3,Milik Sendiri,SMA,Jakarta 5,Pegawai swasta,4,5793255,0.6,120,160000000,LANCAR,3,3. SMA
A225622,48,NEW,LAKI LAKI,37,MENIKAH,3,Milik Orang Tua,S1,Surabaya,Pegawai swasta,14,2697091,0.34,48,24200000,LANCAR,5,5. S1
A30717,84,NEW,LAKI LAKI,39,MENIKAH,1,Milik Orang Tua,S1,Palembang,PNS,6,4035423,0.51,84,100000000,LANCAR,5,5. S1
A182815,96,NEW,PEREMPUAN,49,MENIKAH,2,Sewa,S1,Bandung,Pegawai BUMN,15,15038318,0.38,96,290000000,LANCAR,5,5. S1
A40954,90,NEW,LAKI LAKI,48,MENIKAH,2,Rumah Dinas,SMA,Palembang,Pegawai swasta,22,5462063,0.38,90,60000000,LANCAR,3,3. SMA
A93408,48,NEW,LAKI LAKI,30,TIDAK MENIKAH,0,Milik Orang Tua,DIPLOMA,Jakarta 4,Pegawai swasta,2,4000000,0.55,48,66000000,LANCAR,4,4. DIPLOMA
A294732,10,TOP,LAKI LAKI,33,MENIKAH,1,Milik Sendiri,SMA,Balikpapan,Pegawai swasta,1,4659487,0.29,60,49000000,LANCAR,3,3. SMA
A228680,36,NEW,LAKI LAKI,22,TIDAK MENIKAH,0,Milik Orang Tua,SMA,Surabaya,Pegawai swasta,2,4262503,0.27,36,30000000,LANCAR,3,3. SMA
A99210,96,NEW,LAKI LAKI,37,MENIKAH,2,Milik Sendiri,S1,Jakarta 4,Pegawai swasta,16,9946357,0.44,96,200000000,LANCAR,5,5. S1
A245685,96,NEW,LAKI LAKI,33,MENIKAH,1,Rumah Dinas,S1,Jayapura,Pegawai swasta,4,18833518,0.34,96,350000000,LANCAR,5,5. S1
A395,48,NEW,LAKI LAKI,41,MENIKAH,3,Milik Sendiri,SMP,Medan,Pegawai swasta,18,2716407,0.34,48,24000000,LANCAR,2,2. SMP
A173969,60,NEW,LAKI LAKI,29,TIDAK MENIKAH,0,Milik Orang Tua,S1,Bandung,Pegawai swasta,2,2947786,0.28,60,25000000,LANCAR,5,5. S1
A269088,36,NEW,LAKI LAKI,22,TIDAK MENIKAH,0,Milik Sendiri,DIPLOMA,Surabaya,Pegawai swasta,1,2965000,0.52,36,27000000,LANCAR,4,4. DIPLOMA
A194265,84,NEW,LAKI LAKI,45,MENIKAH,4,Milik Sendiri,SMA,Semarang,Pegawai swasta,19,8319117,0.45,84,190000000,LANCAR,3,3. SMA
A150676,60,NEW,LAKI LAKI,48,MENIKAH,3,Sewa,SMA,Jakarta 5,Pegawai swasta,5,7000000,0.29,60,56000000,LANCAR,3,3. SMA
A203678,36,NEW,LAKI LAKI,48,MENIKAH,2,Milik Sendiri,SMA,Surabaya,Pegawai swasta,23,3178338,0.46,36,26000000,LANCAR,3,3. SMA
A24247,12,NEW,LAKI LAKI,31,MENIKAH,1,Rumah Dinas,DIPLOMA,Medan,Pegawai swasta,6,7648744,0.36,12,30000000,LANCAR,4,4. DIPLOMA
A250862,36,NEW,LAKI LAKI,43,MENIKAH,2,Milik Sendiri,SMA,Medan,Pegawai swasta,1,4751219,0.32,36,37000000,MACET,3,3. SMA
A176637,60,NEW,LAKI LAKI,26,MENIKAH,1,Milik Sendiri,SMA,Bandung,Pegawai swasta,5,5837230,0.22,60,50000000,LANCAR,3,3. SMA
A218176,60,NEW,LAKI LAKI,30,MENIKAH,0,Milik Sendiri,S1,Surabaya,Pegawai swasta,6,3836142,0.28,60,34000000,LANCAR,5,5. S1
A289079,12,TOP,LAKI LAKI,31,MENIKAH,0,Milik Sendiri,SMA,Jakarta 4,Pegawai swasta,8,4534910,0.28,108,88400000,LANCAR,3,3. SMA
A158832,12,NEW,LAKI LAKI,49,MENIKAH,2,Rumah Dinas,SMA,Jakarta 5,Pegawai swasta,16,6000000,0.3,12,20000000,LANCAR,3,3. SMA
A95604,36,NEW,LAKI LAKI,27,TIDAK MENIKAH,0,Sewa,S1,Jakarta 4,Pegawai BUMN,3,7085357,0.49,36,100000000,LANCAR,5,5. S1
A297175,12,TOP,LAKI LAKI,39,MENIKAH,1,Rumah Dinas,S1,Balikpapan,Pegawai swasta,9,10132523,0.6,60,220000000,LANCAR,5,5. S1
A18850,120,NEW,PEREMPUAN,26,TIDAK MENIKAH,0,Milik Orang Tua,S1,Medan,Pegawai BUMN,3,5583770,0.6,120,197000000,LANCAR,5,5. S1
A187388,60,NEW,PEREMPUAN,32,MENIKAH,2,Milik Sendiri,SMA,Semarang,Pegawai swasta,10,4721840,0.17,60,30000000,LANCAR,3,3. SMA
A270352,36,NEW,PEREMPUAN,52,MENIKAH,3,Milik Sendiri,S1,Denpasar,Pegawai swasta,1,8274798,0.26,36,24000000,LANCAR,5,5. S1
A108015,18,NEW,LAKI LAKI,26,TIDAK MENIKAH,0,Rumah Dinas,SMP,Balikpapan,Pegawai swasta,2,3377032,0.38,18,15000000,LANCAR,2,2. SMP
A207173,24,NEW,LAKI LAKI,36,MENIKAH,1,Milik Sendiri,S1,Surabaya,Pegawai swasta,1,2005020,0.13,24,5000000,LANCAR,5,5. S1
A265694,36,NEW,LAKI LAKI,30,MENIKAH,4,Milik Orang Tua,SMA,Jakarta 5,Pegawai swasta,3,3095657,0.17,36,15000000,LANCAR,3,3. SMA
A66894,120,NEW,LAKI LAKI,46,MENIKAH,3,Milik Sendiri,SMA,Jakarta 3,Pegawai swasta,25,7374115,0.6,120,200000000,LANCAR,3,3. SMA
A51962,48,NEW,PEREMPUAN,37,MENIKAH,0,Milik Sendiri,S2/S3,Jakarta 3,Pegawai BUMN,5,7202918,0.27,48,65000000,LANCAR,6,6. S2/S3
A232515,120,NEW,LAKI LAKI,41,MENIKAH,1,Milik Sendiri,S1,Makassar,Pegawai swasta,12,10746145,0.55,120,350000000,LANCAR,5,5. S1
A161694,12,NEW,LAKI LAKI,27,TIDAK MENIKAH,0,Milik Orang Tua,SMA,Jakarta 5,Pegawai swasta,2,5000000,0.18,12,10000000,LANCAR,3,3. SMA
A172365,60,NEW,LAKI LAKI,30,MENIKAH,2,Milik Sendiri,SMA,Bandung,Pegawai swasta,9,3088457,0.17,60,20000000,LANCAR,3,3. SMA
A95757,36,NEW,LAKI LAKI,32,MENIKAH,2,Milik Sendiri,S1,Jakarta 4,Pegawai swasta,2,6821156,0.28,36,50000000,LANCAR,5,5. S1
A47783,48,NEW,PEREMPUAN,25,MENIKAH,1,Milik Orang Tua,SMA,Jakarta 3,Pegawai swasta,4,3000000,0.4,48,15000000,LANCAR,3,3. SMA
A231436,48,NEW,LAKI LAKI,47,MENIKAH,4,Milik Sendiri,SMA,Makassar,Pegawai BUMN,4,3207388,0.46,48,40000000,LANCAR,3,3. SMA
A240844,60,NEW,LAKI LAKI,42,MENIKAH,3,Milik Sendiri,SMA,Denpasar,Pegawai swasta,3,3647842,0.42,60,40000000,LANCAR,3,3. SMA
A288781,6,TOP,PEREMPUAN,29,TIDAK MENIKAH,0,Milik Orang Tua,S1,Jakarta 4,Pegawai swasta,1,4182500,0.32,60,45000000,LANCAR,5,5. S1
A20390,24,NEW,LAKI LAKI,24,TIDAK MENIKAH,0,Rumah Dinas,DIPLOMA,Medan,Pegawai swasta,2,3000000,0.51,24,17500000,LANCAR,4,4. DIPLOMA
A88570,36,NEW,LAKI LAKI,35,TIDAK MENIKAH,0,Milik Orang Tua,SMA,Jakarta 4,Pegawai swasta,8,3876557,0.15,36,20000000,LANCAR,3,3. SMA
A201294,36,NEW,LAKI LAKI,37,TIDAK MENIKAH,0,Milik Orang Tua,DIPLOMA,Surabaya,Pegawai swasta,2,3946171,0.33,36,30000000,LANCAR,4,4. DIPLOMA
A13791,48,NEW,LAKI LAKI,25,TIDAK MENIKAH,0,Rumah Dinas,SMA,Medan,Pegawai swasta,2,3914115,0.23,48,30000000,LANCAR,3,3. SMA
A74128,48,NEW,LAKI LAKI,26,TIDAK MENIKAH,0,Milik Orang Tua,SMA,Jakarta 4,Pegawai swasta,2,3021815,0.28,48,20000000,LANCAR,3,3. SMA
A96481,60,NEW,LAKI LAKI,46,MENIKAH,4,Sewa,DIPLOMA,Jakarta 4,Pegawai swasta,8,7300000,0.26,60,14000000,LANCAR,4,4. DIPLOMA
A239767,36,NEW,PEREMPUAN,50,MENIKAH,2,Milik Sendiri,S1,Denpasar,Pegawai BUMN,24,14160523,0.1,36,40000000,LANCAR,5,5. S1
A292029,23,TOP,LAKI LAKI,43,MENIKAH,2,Milik Sendiri,SMA,Jakarta 4,Pegawai swasta,23,6921010,0.45,96,169200000,LANCAR,3,3. SMA
A205680,96,NEW,LAKI LAKI,30,MENIKAH,0,Milik Orang Tua,S1,Surabaya,Pegawai swasta,2,2354378,0.6,96,40000000,LANCAR,5,5. S1
A97710,96,NEW,LAKI LAKI,34,TIDAK MENIKAH,0,Milik Orang Tua,DIPLOMA,Jakarta 4,Pegawai swasta,6,5043633,0.55,96,150000000,LANCAR,4,4. DIPLOMA
A199898,120,NEW,LAKI LAKI,33,MENIKAH,0,Milik Orang Tua,DIPLOMA,Surabaya,Pegawai swasta,2,3236868,0.6,120,197300000,LANCAR,4,4. DIPLOMA
A296271,28,TOP,LAKI LAKI,45,MENIKAH,4,Milik Sendiri,SMA,Balikpapan,Pegawai swasta,9,11981222,0.47,72,305000000,LANCAR,3,3. SMA
A275469,7,TOP,LAKI LAKI,38,MENIKAH,1,Milik Sendiri,DIPLOMA,Medan,Pegawai swasta,9,3753321,0.25,108,104700000,LANCAR,4,4. DIPLOMA
A28033,36,NEW,LAKI LAKI,30,MENIKAH,2,Milik Sendiri,SMA,Palembang,Pegawai swasta,3,2220979,0.34,36,17000000,LANCAR,3,3. SMA
A121996,36,NEW,LAKI LAKI,27,MENIKAH,3,Rumah Dinas,SMA,Balikpapan,Pegawai swasta,2,4051663,0.36,36,40000000,LANCAR,3,3. SMA
A226412,36,NEW,LAKI LAKI,24,TIDAK MENIKAH,0,Rumah Dinas,DIPLOMA,Surabaya,Pegawai swasta,1,2896890,0.2,36,15000000,LANCAR,4,4. DIPLOMA
A178443,60,NEW,LAKI LAKI,32,MENIKAH,1,Milik Sendiri,DIPLOMA,Bandung,Pegawai swasta,5,3065230,0.42,60,35000000,LANCAR,4,4. DIPLOMA
A180498,24,NEW,LAKI LAKI,28,MENIKAH,2,Milik Sendiri,SMA,Bandung,Pegawai swasta,4,3611088,0.21,24,15000000,LANCAR,3,3. SMA
A23855,24,NEW,LAKI LAKI,24,MENIKAH,0,Milik Orang Tua,SMA,Medan,Pegawai swasta,4,4753207,0.26,24,25000000,LANCAR,3,3. SMA
A264710,24,NEW,LAKI LAKI,30,TIDAK MENIKAH,0,Milik Orang Tua,SMA,Balikpapan,Pegawai swasta,1,3534357,0.48,24,20000000,LANCAR,3,3. SMA
A145109,60,NEW,LAKI LAKI,31,MENIKAH,2,Milik Orang Tua,S1,Jakarta 5,Pegawai swasta,4,4716120,0.08,60,15000000,LANCAR,5,5. S1
A278639,28,TOP,LAKI LAKI,32,TIDAK MENIKAH,0,Milik Orang Tua,S1,Medan,PNS,13,5757240,0.46,120,162500000,LANCAR,5,5. S1
A302509,6,TOP,LAKI LAKI,41,MENIKAH,3,Milik Sendiri,SMA,Jakarta 5,Pegawai swasta,16,6500000,0.35,120,70000000,LANCAR,3,3. SMA
A217118,12,NEW,LAKI LAKI,36,MENIKAH,2,Milik Orang Tua,S1,Surabaya,Pegawai swasta,7,3215607,0.28,12,10000000,LANCAR,5,5. S1
A104966,24,NEW,LAKI LAKI,58,MENIKAH,4,Rumah Dinas,SMA,Balikpapan,Pegawai BUMN,25,13209175,0.27,24,70000000,LANCAR,3,3. SMA
A288036,10,TOP,LAKI LAKI,44,MENIKAH,2,Milik Sendiri,DIPLOMA,Jakarta 4,Pegawai swasta,17,9972528,0.4,120,349900000,LANCAR,4,4. DIPLOMA
A297633,7,TOP,PEREMPUAN,30,MENIKAH,0,Milik Sendiri,S1,Balikpapan,Pegawai swasta,2,3594426,0.42,24,39000000,LANCAR,5,5. S1
A270680,30,NEW,LAKI LAKI,37,MENIKAH,2,Rumah Dinas,SMA,Jayapura,Pegawai swasta,7,7552471,0.25,30,40000000,LANCAR,3,3. SMA
A243699,24,NEW,LAKI LAKI,42,MENIKAH,3,Rumah Dinas,S1,Jayapura,Pegawai swasta,7,7764739,0.33,24,30000000,LANCAR,5,5. S1
A210541,36,NEW,LAKI LAKI,55,MENIKAH,1,Milik Sendiri,S1,Surabaya,PNS,10,8259900,0.22,36,25000000,LANCAR,5,5. S1
A95823,36,NEW,PEREMPUAN,24,TIDAK MENIKAH,0,Sewa,DIPLOMA,Jakarta 4,Pegawai swasta,2,4760747,0.38,36,50000000,LANCAR,4,4. DIPLOMA
A247546,36,NEW,LAKI LAKI,33,TIDAK MENIKAH,0,Rumah Dinas,SMA,Jayapura,Pegawai swasta,3,5123652,0.22,36,30000000,LANCAR,3,3. SMA
A311115,7,TOP,PEREMPUAN,39,MENIKAH,3,Milik Orang Tua,DIPLOMA,Semarang,Pegawai swasta,2,3438088,0.3,72,44500000,LANCAR,4,4. DIPLOMA
A325148,8,TOP,PEREMPUAN,34,TIDAK MENIKAH,0,Rumah Dinas,S1,Medan,Pegawai swasta,5,3909735,0.4,84,94000000,LANCAR,5,5. S1
A290199,7,TOP,LAKI LAKI,30,MENIKAH,1,Milik Sendiri,S1,Jakarta 4,Pegawai swasta,6,6500000,0.48,60,124000000,LANCAR,5,5. S1
A213323,36,NEW,LAKI LAKI,49,MENIKAH,2,Milik Sendiri,S1,Surabaya,PNS,10,7154807,0.15,36,30000000,LANCAR,5,5. S1
A123552,42,NEW,LAKI LAKI,26,TIDAK MENIKAH,0,Milik Orang Tua,SMA,Balikpapan,Pegawai swasta,6,4074833,0.28,42,35000000,LANCAR,3,3. SMA
A113080,24,NEW,LAKI LAKI,27,TIDAK MENIKAH,0,Milik Orang Tua,SMA,Balikpapan,Pegawai swasta,2,4649609,0.33,24,27000000,LANCAR,3,3. SMA
A233635,48,NEW,LAKI LAKI,42,MENIKAH,3,Milik Sendiri,S1,Makassar,Pegawai swasta,3,17630300,0.23,48,102000000,LANCAR,5,5. S1
A84306,60,NEW,LAKI LAKI,29,MENIKAH,2,Milik Sendiri,SMA,Jakarta 4,Pegawai swasta,4,5000000,0.31,60,60000000,LANCAR,3,3. SMA
A22279,48,NEW,PEREMPUAN,35,MENIKAH,2,Sewa,SMA,Medan,Pegawai swasta,1,4018843,0.39,48,36100000,LANCAR,3,3. SMA
A254912,60,NEW,LAKI LAKI,34,TIDAK MENIKAH,0,Rumah Dinas,DIPLOMA,Balikpapan,Pegawai swasta,5,6339280,0.38,60,95000000,MACET,4,4. DIPLOMA
A223332,120,NEW,LAKI LAKI,38,MENIKAH,0,Milik Sendiri,S1,Surabaya,Pegawai swasta,7,5301411,0.33,120,40000000,LANCAR,5,5. S1
A26770,24,NEW,PEREMPUAN,28,TIDAK MENIKAH,0,Sewa,SMA,Medan,Pegawai swasta,2,2545740,0.3,24,14500000,LANCAR,3,3. SMA
A73172,18,NEW,LAKI LAKI,34,TIDAK MENIKAH,0,Milik Sendiri,SMA,Jakarta 4,Pegawai swasta,8,2862590,0.22,18,10000000,LANCAR,3,3. SMA
A267243,60,NEW,LAKI LAKI,43,MENIKAH,2,Milik Sendiri,SMA,Bandung,Pegawai swasta,14,3489597,0.25,60,35000000,LANCAR,3,3. SMA
A239739,36,NEW,LAKI LAKI,35,TIDAK MENIKAH,0,Milik Orang Tua,SMA,Denpasar,Pegawai swasta,5,3262756,0.3,36,22500000,LANCAR,3,3. SMA
A223608,36,NEW,LAKI LAKI,37,MENIKAH,1,Sewa,SMA,Surabaya,Pegawai swasta,16,3068030,0.12,36,10000000,LANCAR,3,3. SMA
A230180,36,NEW,LAKI LAKI,46,MENIKAH,3,Milik Sendiri,SMA,Makassar,Pegawai swasta,7,9755873,0.55,36,100000000,LANCAR,3,3. SMA
A27147,72,NEW,LAKI LAKI,32,MENIKAH,2,Sewa,S1,Medan,Pegawai swasta,6,6537900,0.5,72,150000000,LANCAR,5,5. S1
A160156,36,NEW,LAKI LAKI,29,MENIKAH,0,Milik Orang Tua,DIPLOMA,Jakarta 5,Pegawai swasta,1,3298000,0.36,36,35000000,LANCAR,4,4. DIPLOMA
A149773,84,NEW,LAKI LAKI,29,MENIKAH,1,Milik Sendiri,DIPLOMA,Jakarta 5,Pegawai swasta,8,6250000,0.33,84,75000000,LANCAR,4,4. DIPLOMA
A149301,24,NEW,PEREMPUAN,48,MENIKAH,1,Milik Orang Tua,SMA,Jakarta 5,Pegawai swasta,25,2962418,0.24,24,14000000,LANCAR,3,3. SMA
A94531,48,NEW,PEREMPUAN,33,TIDAK MENIKAH,0,Milik Orang Tua,DIPLOMA,Jakarta 4,Pegawai swasta,4,3799344,0.39,48,50000000,LANCAR,4,4. DIPLOMA
A5370,36,NEW,LAKI LAKI,42,MENIKAH,3,Milik Sendiri,SMA,Medan,Pegawai swasta,1,11793015,0.15,36,50000000,LANCAR,3,3. SMA
A232255,120,NEW,PEREMPUAN,31,TIDAK MENIKAH,0,Milik Orang Tua,SMA,Makassar,Pegawai swasta,1,7485812,0.38,120,160000000,LANCAR,3,3. SMA
A74737,36,NEW,LAKI LAKI,32,MENIKAH,3,Milik Orang Tua,SMA,Jakarta 4,Pegawai swasta,6,2707777,0.48,36,18000000,LANCAR,3,3. SMA
A42987,72,NEW,LAKI LAKI,45,MENIKAH,2,Milik Sendiri,S1,Palembang,Pegawai BUMN,2,10781984,0.4,72,210000000,LANCAR,5,5. S1
A123197,36,NEW,LAKI LAKI,22,MENIKAH,1,Rumah Dinas,DIPLOMA,Balikpapan,Pegawai BUMN,2,3776956,0.39,36,36000000,LANCAR,4,4. DIPLOMA
A210210,36,NEW,LAKI LAKI,31,MENIKAH,1,Milik Orang Tua,SMA,Surabaya,Pegawai swasta,2,2358700,0.54,36,35000000,LANCAR,3,3. SMA
A300717,19,TOP,LAKI LAKI,27,TIDAK MENIKAH,0,Milik Orang Tua,SMA,Jakarta 5,Pegawai swasta,5,4231845,0.59,60,88000000,LANCAR,3,3. SMA
A221257,48,NEW,LAKI LAKI,31,MENIKAH,1,Rumah Dinas,SMA,Surabaya,Pegawai swasta,10,7400678,0.42,48,66000000,LANCAR,3,3. SMA
A139934,96,NEW,LAKI LAKI,49,MENIKAH,3,Milik Sendiri,SMA,Jakarta 5,PNS,17,6638337,0.44,96,150000000,LANCAR,3,3. SMA
A153588,60,NEW,LAKI LAKI,46,MENIKAH,3,Milik Sendiri,SMA,Jakarta 5,Pegawai swasta,21,5687257,0.35,60,80000000,LANCAR,3,3. SMA
A246131,36,NEW,LAKI LAKI,34,TIDAK MENIKAH,0,Milik Sendiri,SMA,Jayapura,Pegawai swasta,3,5662685,0.5,36,45000000,LANCAR,3,3. SMA
A287501,10,TOP,LAKI LAKI,26,MENIKAH,2,Milik Orang Tua,SMP,Jakarta 3,Pegawai swasta,3,3737400,0.27,36,32500000,LANCAR,2,2. SMP
A252497,36,NEW,LAKI LAKI,30,TIDAK MENIKAH,0,Milik Orang Tua,SMA,Jakarta 3,Pegawai swasta,4,3583694,0.51,36,39000000,MACET,3,3. SMA
A238808,36,NEW,PEREMPUAN,26,TIDAK MENIKAH,0,Milik Orang Tua,S1,Denpasar,Pegawai swasta,1,2784885,0.2,36,15000000,LANCAR,5,5. S1
A231327,60,NEW,PEREMPUAN,49,MENIKAH,3,Milik Orang Tua,S1,Makassar,PNS,19,12083212,0.21,60,100000000,LANCAR,5,5. S1
A11946,36,NEW,LAKI LAKI,26,TIDAK MENIKAH,0,Milik Orang Tua,SMA,Medan,Pegawai swasta,3,2869077,0.39,36,20000000,LANCAR,3,3. SMA
A307352,8,TOP,LAKI LAKI,40,MENIKAH,2,Milik Sendiri,S2/S3,Bandung,Pegawai swasta,5,8823993,0.12,60,41900000,LANCAR,6,6. S2/S3
A221593,36,NEW,LAKI LAKI,29,TIDAK MENIKAH,0,Milik Orang Tua,DIPLOMA,Surabaya,Pegawai swasta,3,2982905,0.24,36,12000000,LANCAR,4,4. DIPLOMA
A224718,120,NEW,PEREMPUAN,37,MENIKAH,1,Milik Sendiri,S1,Surabaya,Pegawai BUMN,11,13047538,0.44,120,329000000,LANCAR,5,5. S1
A38756,24,NEW,PEREMPUAN,55,MENIKAH,4,Milik Sendiri,S2/S3,Palembang,PNS,25,12888933,0.26,24,70000000,LANCAR,6,6. S2/S3
A247720,120,NEW,PEREMPUAN,34,MENIKAH,0,Milik Sendiri,S1,Jayapura,Pegawai BUMN,9,15629360,0.26,120,260000000,LANCAR,5,5. S1
A43660,60,NEW,PEREMPUAN,26,MENIKAH,0,Sewa,S1,Palembang,Pegawai swasta,3,2858585,0.19,60,20000000,LANCAR,5,5. S1
A15504,72,NEW,PEREMPUAN,33,MENIKAH,0,Milik Sendiri,DIPLOMA,Medan,Pegawai swasta,9,2528482,0.53,72,50000000,LANCAR,4,4. DIPLOMA
A325918,21,TOP,LAKI LAKI,32,MENIKAH,1,Milik Orang Tua,DIPLOMA,Palembang,Pegawai swasta,3,3011446,0.45,60,32000000,LANCAR,4,4. DIPLOMA
A15645,36,NEW,LAKI LAKI,50,MENIKAH,3,Milik Sendiri,SMA,Medan,Pegawai swasta,22,3108495,0.12,36,10000000,LANCAR,3,3. SMA
A223524,48,NEW,LAKI LAKI,44,MENIKAH,2,Milik Sendiri,SMA,Surabaya,Pegawai swasta,8,2931542,0.32,48,25000000,LANCAR,3,3. SMA
A11255,36,NEW,LAKI LAKI,46,MENIKAH,3,Milik Orang Tua,SMA,Medan,Pegawai swasta,1,4903958,0.38,36,39000000,LANCAR,3,3. SMA
A212089,36,NEW,LAKI LAKI,45,MENIKAH,2,Milik Orang Tua,SMA,Surabaya,Pegawai swasta,10,2743680,0.41,36,21500000,LANCAR,3,3. SMA
A125560,42,NEW,LAKI LAKI,32,MENIKAH,1,Milik Orang Tua,SMA,Balikpapan,Pegawai swasta,10,4877333,0.33,42,50000000,LANCAR,3,3. SMA
A24142,36,NEW,PEREMPUAN,35,TIDAK MENIKAH,0,Milik Orang Tua,S1,Medan,Pegawai swasta,2,3598944,0.31,36,28500000,LANCAR,5,5. S1
A175190,114,NEW,LAKI LAKI,48,MENIKAH,3,Milik Sendiri,SMA,Bandung,Pegawai BUMN,20,9115150,0.37,114,200000000,LANCAR,3,3. SMA
A78920,60,NEW,PEREMPUAN,48,MENIKAH,2,Milik Sendiri,DIPLOMA,Jakarta 4,Pegawai BUMN,17,7000000,0.29,60,80000000,LANCAR,4,4. DIPLOMA
A308186,26,TOP,LAKI LAKI,34,MENIKAH,2,Milik Sendiri,S1,Bandung,Pegawai BUMN,8,5943275,0.3,48,65000000,LANCAR,5,5. S1
A98497,18,NEW,LAKI LAKI,57,MENIKAH,3,Milik Sendiri,DIPLOMA,Jakarta 4,PNS,10,10000000,0.12,18,25000000,LANCAR,4,4. DIPLOMA
A55842,60,NEW,LAKI LAKI,31,MENIKAH,2,Milik Sendiri,SMA,Jakarta 3,Pegawai swasta,7,5124961,0.2,60,40000000,LANCAR,3,3. SMA
A2095,60,NEW,LAKI LAKI,35,MENIKAH,2,Rumah Dinas,S1,Medan,Pegawai swasta,6,4681203,0.19,60,35000000,LANCAR,5,5. S1
A266221,36,NEW,LAKI LAKI,33,MENIKAH,1,Milik Sendiri,SMA,Bandung,Pegawai swasta,7,4784704,0.12,36,11000000,LANCAR,3,3. SMA
A262050,42,NEW,PEREMPUAN,30,TIDAK MENIKAH,0,Milik Orang Tua,DIPLOMA,Medan,Pegawai swasta,7,3592634,0.28,42,30000000,LANCAR,4,4. DIPLOMA
A145429,36,NEW,PEREMPUAN,34,MENIKAH,0,Sewa,S1,Jakarta 5,Pegawai swasta,8,10079792,0.1,36,30000000,LANCAR,5,5. S1
A115472,60,NEW,LAKI LAKI,41,MENIKAH,2,Rumah Dinas,SMA,Balikpapan,PNS,2,11457470,0.42,60,200000000,LANCAR,3,3. SMA
A103453,36,NEW,LAKI LAKI,34,MENIKAH,2,Sewa,S1,Balikpapan,Pegawai swasta,1,4258733,0.12,36,12000000,LANCAR,5,5. S1
A68975,120,NEW,LAKI LAKI,33,MENIKAH,2,Milik Sendiri,S1,Jakarta 3,Pegawai BUMN,6,9032246,0.21,120,87000000,LANCAR,5,5. S1
A211450,24,NEW,LAKI LAKI,32,TIDAK MENIKAH,0,Sewa,DIPLOMA,Surabaya,Pegawai swasta,2,4619126,0.22,24,20000000,LANCAR,4,4. DIPLOMA
A278182,21,TOP,PEREMPUAN,34,MENIKAH,2,Milik Sendiri,DIPLOMA,Medan,PNS,6,11081016,0.53,120,367400000,LANCAR,4,4. DIPLOMA
A127163,96,NEW,LAKI LAKI,42,MENIKAH,2,Milik Sendiri,S1,Jakarta 5,Pegawai swasta,9,6728835,0.36,96,130000000,LANCAR,5,5. S1
A31332,36,NEW,LAKI LAKI,51,MENIKAH,2,Rumah Dinas,S2/S3,Palembang,PNS,21,19870252,0.05,36,25000000,LANCAR,6,6. S2/S3
A272031,60,NEW,LAKI LAKI,38,MENIKAH,0,Milik Orang Tua,SMA,Medan,Pegawai swasta,1,3919361,0.35,60,35000000,LANCAR,3,3. SMA
A52594,24,NEW,LAKI LAKI,28,TIDAK MENIKAH,0,Milik Orang Tua,SMA,Jakarta 3,Pegawai swasta,1,2951368,0.26,24,15000000,LANCAR,3,3. SMA
A308262,29,TOP,LAKI LAKI,29,MENIKAH,2,Milik Orang Tua,S1,Bandung,Pegawai swasta,3,4000000,0.27,60,45000000,LANCAR,5,5. S1
A119297,24,NEW,LAKI LAKI,32,MENIKAH,1,Milik Sendiri,S1,Balikpapan,Pegawai swasta,1,7891736,0.24,24,30000000,LANCAR,5,5. S1
A217348,96,NEW,LAKI LAKI,51,MENIKAH,4,Sewa,S1,Surabaya,PNS,21,26769356,0.24,96,350000000,LANCAR,5,5. S1
A309316,35,TOP,LAKI LAKI,33,TIDAK MENIKAH,0,Milik Sendiri,SMA,Bandung,Pegawai swasta,10,4424468,0.6,96,105000000,LANCAR,3,3. SMA
A103329,18,NEW,LAKI LAKI,28,TIDAK MENIKAH,0,Rumah Dinas,DIPLOMA,Balikpapan,Pegawai swasta,1,5596590,0.46,18,40000000,LANCAR,4,4. DIPLOMA
A268074,60,NEW,LAKI LAKI,37,MENIKAH,3,Milik Orang Tua,SMA,Semarang,Pegawai swasta,5,3186400,0.4,60,45000000,LANCAR,3,3. SMA
A138927,36,NEW,LAKI LAKI,41,MENIKAH,3,Milik Sendiri,SMA,Jakarta 5,PNS,9,30000000,0.04,36,30000000,LANCAR,3,3. SMA
A223759,36,NEW,LAKI LAKI,30,MENIKAH,1,Milik Orang Tua,SMA,Surabaya,Pegawai swasta,2,4961778,0.19,36,19500000,LANCAR,3,3. SMA
A284093,9,TOP,PEREMPUAN,29,MENIKAH,1,Milik Orang Tua,DIPLOMA,Jakarta 3,Pegawai swasta,3,2949647,0.6,96,92000000,LANCAR,4,4. DIPLOMA
A251712,96,NEW,LAKI LAKI,29,MENIKAH,2,Rumah Dinas,DIPLOMA,Palembang,Pegawai swasta,2,2397934,0.59,96,25000000,MACET,4,4. DIPLOMA
A214353,36,NEW,PEREMPUAN,27,MENIKAH,1,Milik Orang Tua,DIPLOMA,Surabaya,Pegawai swasta,2,2422560,0.45,36,20000000,LANCAR,4,4. DIPLOMA
A220881,48,NEW,LAKI LAKI,34,MENIKAH,4,Milik Orang Tua,SMA,Surabaya,Pegawai swasta,1,3089285,0.24,48,25000000,LANCAR,3,3. SMA
A190061,60,NEW,LAKI LAKI,51,MENIKAH,1,Milik Sendiri,DIPLOMA,Semarang,PNS,22,3479700,0.37,60,50000000,LANCAR,4,4. DIPLOMA
A13246,60,NEW,LAKI LAKI,39,MENIKAH,2,Milik Sendiri,SMA,Medan,Pegawai swasta,3,4381477,0.31,60,39000000,LANCAR,3,3. SMA
A10356,36,NEW,LAKI LAKI,36,MENIKAH,2,Sewa,SMA,Medan,Pegawai swasta,2,4380414,0.43,36,34500000,LANCAR,3,3. SMA
A61485,24,NEW,PEREMPUAN,35,MENIKAH,2,Milik Sendiri,S1,Jakarta 3,Pegawai swasta,10,7737256,0.31,24,50000000,LANCAR,5,5. S1
A177857,24,NEW,LAKI LAKI,27,MENIKAH,1,Milik Orang Tua,DIPLOMA,Bandung,Pegawai swasta,3,3310412,0.29,24,20000000,LANCAR,4,4. DIPLOMA
A47186,60,NEW,LAKI LAKI,26,TIDAK MENIKAH,0,Sewa,SMA,Jakarta 3,Pegawai swasta,3,4370166,0.57,60,100000000,LANCAR,3,3. SMA
A12160,60,NEW,LAKI LAKI,34,MENIKAH,2,Milik Orang Tua,DIPLOMA,Medan,Pegawai swasta,7,12903877,0.31,60,109000000,LANCAR,4,4. DIPLOMA
A156209,36,NEW,PEREMPUAN,30,MENIKAH,0,Sewa,S2/S3,Jakarta 5,Pegawai swasta,3,5319800,0.21,36,30000000,LANCAR,6,6. S2/S3
A293413,7,TOP,LAKI LAKI,33,MENIKAH,2,Milik Sendiri,DIPLOMA,Jakarta 4,Pegawai swasta,5,4178804,0.43,60,68000000,LANCAR,4,4. DIPLOMA
A128608,36,NEW,PEREMPUAN,36,CERAI,1,Milik Orang Tua,S1,Jakarta 5,Pegawai swasta,7,5010675,0.14,36,15000000,LANCAR,5,5. S1
A226264,12,NEW,LAKI LAKI,28,TIDAK MENIKAH,0,Milik Orang Tua,S1,Surabaya,Pegawai swasta,6,6624563,0.35,12,25000000,LANCAR,5,5. S1
A196988,60,NEW,LAKI LAKI,40,MENIKAH,2,Milik Orang Tua,SMA,Semarang,Pegawai swasta,6,3516507,0.37,60,50000000,LANCAR,3,3. SMA
A128549,18,NEW,LAKI LAKI,34,MENIKAH,0,Milik Orang Tua,S1,Jakarta 5,Pegawai swasta,6,3182800,0.3,18,15000000,LANCAR,5,5. S1
A14884,36,NEW,PEREMPUAN,33,MENIKAH,1,Milik Sendiri,SMA,Medan,Pegawai swasta,4,3459950,0.33,36,27000000,LANCAR,3,3. SMA
A176558,96,NEW,PEREMPUAN,39,MENIKAH,1,Milik Sendiri,S1,Bandung,Pegawai swasta,19,2597259,0.33,96,50000000,LANCAR,5,5. S1
A252367,48,NEW,PEREMPUAN,45,MENIKAH,1,Sewa,SMA,Jakarta 3,Pegawai swasta,4,3039600,0.25,48,25000000,MACET,3,3. SMA
A233383,60,NEW,LAKI LAKI,50,MENIKAH,4,Milik Sendiri,SMA,Makassar,PNS,8,3148833,0.24,60,30000000,LANCAR,3,3. SMA
A323464,12,TOP,PEREMPUAN,36,TIDAK MENIKAH,0,Milik Orang Tua,DIPLOMA,Denpasar,Pegawai swasta,2,3344695,0.38,24,31000000,LANCAR,4,4. DIPLOMA
A177913,96,NEW,LAKI LAKI,47,MENIKAH,2,Milik Orang Tua,DIPLOMA,Bandung,Pegawai swasta,10,3286222,0.38,96,50000000,LANCAR,4,4. DIPLOMA
A269932,84,NEW,LAKI LAKI,40,MENIKAH,3,Milik Sendiri,SMA,Makassar,Pegawai swasta,12,13015988,0.53,84,350000000,LANCAR,3,3. SMA
A61931,72,NEW,LAKI LAKI,41,MENIKAH,2,Milik Sendiri,S1,Jakarta 3,Pegawai swasta,3,4459350,0.28,72,54300000,LANCAR,5,5. S1
A157082,24,NEW,LAKI LAKI,34,MENIKAH,1,Milik Orang Tua,DIPLOMA,Jakarta 5,Pegawai swasta,11,4141600,0.24,24,20000000,LANCAR,4,4. DIPLOMA
A201140,60,NEW,LAKI LAKI,38,MENIKAH,2,Milik Orang Tua,SMA,Surabaya,Pegawai swasta,6,3040173,0.34,60,35000000,LANCAR,3,3. SMA
A328544,8,TOP,LAKI LAKI,29,MENIKAH,2,Sewa,SMA,Balikpapan,Pegawai swasta,6,11281189,0.42,60,190000000,LANCAR,3,3. SMA
A172512,24,NEW,LAKI LAKI,25,TIDAK MENIKAH,0,Milik Orang Tua,DIPLOMA,Bandung,Pegawai swasta,2,2967116,0.49,24,30000000,LANCAR,4,4. DIPLOMA
A234610,36,NEW,PEREMPUAN,27,TIDAK MENIKAH,0,Milik Orang Tua,S1,Makassar,Pegawai swasta,5,3375500,0.38,36,35000000,LANCAR,5,5. S1
A280801,6,TOP,LAKI LAKI,28,TIDAK MENIKAH,0,Milik Orang Tua,DIPLOMA,Palembang,Pegawai BUMN,5,7374115,0.6,120,203300000,LANCAR,4,4. DIPLOMA
A250139,60,NEW,PEREMPUAN,28,TIDAK MENIKAH,0,Milik Orang Tua,SMA,Medan,Pegawai swasta,1,4400527,0.37,60,39000000,MACET,3,3. SMA
A222913,36,NEW,LAKI LAKI,42,MENIKAH,0,Milik Sendiri,S1,Surabaya,PNS,5,2958900,0.31,36,25000000,LANCAR,5,5. S1
A73187,48,NEW,LAKI LAKI,50,MENIKAH,4,Milik Sendiri,SMA,Jakarta 4,Pegawai swasta,18,4665328,0.17,48,25000000,LANCAR,3,3. SMA
A23812,24,NEW,LAKI LAKI,36,MENIKAH,1,Rumah Dinas,S1,Medan,Pegawai swasta,2,3336291,0.36,24,25000000,LANCAR,5,5. S1
A113915,24,NEW,LAKI LAKI,38,MENIKAH,2,Milik Orang Tua,SMA,Balikpapan,Pegawai swasta,1,4703633,0.33,24,25000000,LANCAR,3,3. SMA
A275682,17,TOP,PEREMPUAN,44,MENIKAH,2,Milik Sendiri,SMA,Medan,Pegawai swasta,5,3018272,0.5,60,37400000,LANCAR,3,3. SMA
A155555,36,NEW,LAKI LAKI,36,MENIKAH,1,Milik Orang Tua,SMA,Jakarta 5,Pegawai swasta,4,6000000,0.12,36,15000000,LANCAR,3,3. SMA
A303189,9,TOP,PEREMPUAN,28,MENIKAH,1,Milik Orang Tua,S1,Jakarta 5,Pegawai swasta,3,4770714,0.39,96,102000000,LANCAR,5,5. S1
A291165,21,TOP,LAKI LAKI,47,MENIKAH,5,Milik Sendiri,SMA,Jakarta 4,Pegawai swasta,3,5236901,0.3,60,45000000,LANCAR,3,3. SMA
A89111,24,NEW,LAKI LAKI,28,MENIKAH,2,Sewa,SMA,Jakarta 4,Pegawai swasta,3,6031199,0.21,24,14500000,LANCAR,3,3. SMA
A216056,96,NEW,LAKI LAKI,26,TIDAK MENIKAH,0,Milik Orang Tua,DIPLOMA,Surabaya,Pegawai swasta,2,4485923,0.39,96,100000000,LANCAR,4,4. DIPLOMA
A187607,60,NEW,LAKI LAKI,50,MENIKAH,2,Sewa,DIPLOMA,Semarang,Pegawai swasta,22,2699226,0.36,60,24000000,LANCAR,4,4. DIPLOMA
A60040,36,NEW,LAKI LAKI,29,TIDAK MENIKAH,0,Sewa,S1,Jakarta 3,Pegawai swasta,3,6000000,0.24,36,40000000,LANCAR,5,5. S1
A134455,36,NEW,LAKI LAKI,34,MENIKAH,1,Sewa,S1,Jakarta 5,Pegawai swasta,12,3500000,0.32,36,27500000,LANCAR,5,5. S1
A116652,24,NEW,LAKI LAKI,54,MENIKAH,3,Milik Sendiri,SMA,Balikpapan,Pegawai swasta,11,6446183,0.26,24,35000000,LANCAR,3,3. SMA
A216786,36,NEW,LAKI LAKI,55,MENIKAH,2,Milik Sendiri,S1,Surabaya,Pegawai swasta,10,13805332,0.38,36,150000000,LANCAR,5,5. S1
A80840,60,NEW,LAKI LAKI,36,MENIKAH,2,Milik Sendiri,S1,Jakarta 4,Pegawai swasta,3,15000000,0.18,60,100000000,LANCAR,5,5. S1
A93055,36,NEW,PEREMPUAN,30,MENIKAH,0,Milik Sendiri,SMA,Jakarta 4,Pegawai swasta,5,5000000,0.36,36,37000000,LANCAR,3,3. SMA
A277752,10,TOP,LAKI LAKI,36,MENIKAH,3,Sewa,SMA,Medan,Pegawai swasta,10,5009197,0.58,96,158400000,LANCAR,3,3. SMA
A239256,60,NEW,LAKI LAKI,50,MENIKAH,3,Rumah Dinas,DIPLOMA,Denpasar,Pegawai BUMN,25,24662168,0.35,60,350000000,LANCAR,4,4. DIPLOMA
A315865,9,TOP,LAKI LAKI,33,MENIKAH,1,Milik Orang Tua,S1,Surabaya,Pegawai swasta,7,12923114,0.3,120,357400000,LANCAR,5,5. S1
A326677,13,TOP,LAKI LAKI,34,MENIKAH,1,Rumah Dinas,S1,Balikpapan,Pegawai swasta,8,2936400,0.51,36,30000000,LANCAR,5,5. S1
A174563,72,NEW,PEREMPUAN,23,TIDAK MENIKAH,0,Milik Sendiri,SMA,Bandung,Pegawai swasta,3,3952575,0.34,72,60000000,LANCAR,3,3. SMA
A186758,120,NEW,LAKI LAKI,49,MENIKAH,2,Milik Sendiri,SMA,Semarang,Pegawai swasta,22,5008585,0.39,120,185900000,LANCAR,3,3. SMA
A114581,48,NEW,LAKI LAKI,28,MENIKAH,1,Milik Sendiri,DIPLOMA,Balikpapan,Pegawai swasta,3,3054343,0.29,48,30000000,LANCAR,4,4. DIPLOMA
A130273,36,NEW,LAKI LAKI,35,MENIKAH,1,Milik Orang Tua,SMA,Jakarta 5,Pegawai swasta,5,3518625,0.21,36,20000000,LANCAR,3,3. SMA
A70209,60,NEW,LAKI LAKI,50,MENIKAH,2,Milik Sendiri,S2/S3,Jakarta 3,Pegawai BUMN,23,33000000,0.18,60,250000000,LANCAR,6,6. S2/S3
A16625,36,NEW,PEREMPUAN,28,TIDAK MENIKAH,0,Milik Orang Tua,S1,Medan,Pegawai swasta,1,2281113,0.48,36,20000000,LANCAR,5,5. S1
A62705,36,NEW,LAKI LAKI,24,TIDAK MENIKAH,0,Sewa,SMA,Jakarta 3,Pegawai swasta,4,8227699,0.31,36,70000000,LANCAR,3,3. SMA
A145465,48,NEW,LAKI LAKI,32,TIDAK MENIKAH,0,Sewa,S1,Jakarta 5,Pegawai swasta,5,3650000,0.21,48,25000000,LANCAR,5,5. S1
A272016,108,NEW,LAKI LAKI,29,MENIKAH,0,Milik Sendiri,S1,Jayapura,Pegawai BUMN,5,8861684,0.23,108,120000000,LANCAR,5,5. S1
A306860,7,TOP,LAKI LAKI,26,MENIKAH,1,Milik Sendiri,SMA,Bandung,Pegawai swasta,4,7881651,0.51,96,207500000,LANCAR,3,3. SMA
A159289,60,NEW,PEREMPUAN,31,MENIKAH,1,Milik Sendiri,SMA,Jakarta 5,Pegawai swasta,11,3569799,0.21,60,30000000,LANCAR,3,3. SMA
A249191,36,NEW,PEREMPUAN,33,MENIKAH,1,Milik Sendiri,S1,Balikpapan,Pegawai swasta,7,5938791,0.11,36,17000000,MACET,5,5. S1
A242824,96,NEW,LAKI LAKI,36,TIDAK MENIKAH,0,Rumah Dinas,SMA,Jayapura,Pegawai swasta,4,8743800,0.42,96,200000000,LANCAR,3,3. SMA
A129987,60,NEW,LAKI LAKI,49,MENIKAH,3,Milik Sendiri,SMA,Jakarta 5,Pegawai swasta,17,3073112,0.26,60,25000000,LANCAR,3,3. SMA
A144318,36,NEW,LAKI LAKI,30,TIDAK MENIKAH,0,Sewa,DIPLOMA,Jakarta 5,Pegawai swasta,4,4500000,0.29,36,35000000,LANCAR,4,4. DIPLOMA
A239879,36,NEW,LAKI LAKI,30,TIDAK MENIKAH,0,Milik Orang Tua,S1,Denpasar,Pegawai BUMN,4,4660577,0.09,36,12000000,LANCAR,5,5. S1
A204059,12,NEW,LAKI LAKI,43,MENIKAH,3,Milik Sendiri,DIPLOMA,Surabaya,Pegawai swasta,18,4899969,0.38,12,15500000,LANCAR,4,4. DIPLOMA
A108824,24,NEW,LAKI LAKI,27,TIDAK MENIKAH,0,Rumah Dinas,SMA,Balikpapan,Pegawai swasta,4,3475450,0.45,24,20000000,LANCAR,3,3. SMA
A89747,36,NEW,LAKI LAKI,42,MENIKAH,4,Milik Sendiri,SMA,Jakarta 4,Pegawai swasta,22,13000000,0.27,36,100000000,LANCAR,3,3. SMA
A25804,60,NEW,PEREMPUAN,25,TIDAK MENIKAH,0,Kredit,SMA,Medan,Pegawai swasta,4,5343617,0.28,60,60000000,LANCAR,3,3. SMA
A277798,10,TOP,LAKI LAKI,28,TIDAK MENIKAH,0,Milik Orang Tua,SMA,Medan,Pegawai swasta,16,4333351,0.43,36,46600000,LANCAR,3,3. SMA
A273659,7,TOP,LAKI LAKI,43,MENIKAH,2,Milik Sendiri,SMA,Medan,Pegawai BUMN,19,5891005,0.53,108,169000000,LANCAR,3,3. SMA
A150514,24,NEW,PEREMPUAN,28,TIDAK MENIKAH,0,Sewa,S1,Jakarta 5,Pegawai swasta,1,3840000,0.19,24,15000000,LANCAR,5,5. S1
A301149,6,TOP,LAKI LAKI,25,TIDAK MENIKAH,0,Milik Sendiri,SMA,Jakarta 5,Pegawai swasta,4,3451771,0.56,114,119000000,LANCAR,3,3. SMA
A18718,36,NEW,LAKI LAKI,50,MENIKAH,4,Milik Sendiri,SMA,Medan,Pegawai swasta,7,5200041,0.43,36,41000000,LANCAR,3,3. SMA
A114583,60,NEW,PEREMPUAN,29,MENIKAH,0,Milik Sendiri,S2/S3,Balikpapan,Pegawai swasta,3,50000000,0.1,60,200000000,LANCAR,6,6. S2/S3
A175939,84,NEW,PEREMPUAN,30,MENIKAH,1,Milik Orang Tua,DIPLOMA,Bandung,Pegawai swasta,5,4784656,0.41,84,100000000,LANCAR,4,4. DIPLOMA
A91606,12,NEW,LAKI LAKI,58,MENIKAH,1,Rumah Dinas,S1,Jakarta 4,PNS,2,65459300,0.49,12,350000000,LANCAR,5,5. S1
A151604,48,NEW,PEREMPUAN,27,TIDAK MENIKAH,0,Sewa,DIPLOMA,Jakarta 5,Pegawai swasta,3,3347400,0.19,48,20000000,LANCAR,4,4. DIPLOMA
A157780,84,NEW,LAKI LAKI,28,MENIKAH,0,Sewa,DIPLOMA,Jakarta 5,Pegawai swasta,4,5718353,0.54,84,150000000,LANCAR,4,4. DIPLOMA
A37757,12,NEW,LAKI LAKI,44,MENIKAH,2,Milik Orang Tua,SMA,Palembang,Pegawai swasta,6,3545775,0.34,12,10000000,LANCAR,3,3. SMA
A324799,12,TOP,LAKI LAKI,31,MENIKAH,0,Milik Sendiri,S1,Jayapura,Pegawai swasta,4,39508008,0.22,120,517000000,LANCAR,5,5. S1
A307452,8,TOP,LAKI LAKI,26,TIDAK MENIKAH,0,Milik Orang Tua,SMA,Bandung,Pegawai swasta,5,3393958,0.29,36,25000000,LANCAR,3,3. SMA
A312074,10,TOP,LAKI LAKI,39,TIDAK MENIKAH,0,Milik Sendiri,S1,Semarang,Pegawai swasta,4,3363397,0.6,96,90000000,LANCAR,5,5. S1
A266236,60,NEW,LAKI LAKI,34,MENIKAH,2,Milik Sendiri,SMA,Bandung,Pegawai swasta,11,2764191,0.28,60,24500000,LANCAR,3,3. SMA
A194871,24,NEW,PEREMPUAN,30,MENIKAH,1,Milik Orang Tua,S1,Semarang,PNS,7,6800000,0.36,24,50000000,LANCAR,5,5. S1
A217852,36,NEW,LAKI LAKI,46,MENIKAH,2,Milik Sendiri,DIPLOMA,Surabaya,Pegawai swasta,8,2796879,0.34,36,20000000,LANCAR,4,4. DIPLOMA
A143285,96,NEW,PEREMPUAN,28,TIDAK MENIKAH,0,Milik Orang Tua,SMA,Jakarta 5,Pegawai swasta,4,2600000,0.58,96,50000000,LANCAR,3,3. SMA
A214279,48,NEW,PEREMPUAN,37,MENIKAH,2,Milik Sendiri,DIPLOMA,Surabaya,Pegawai swasta,14,3706856,0.2,48,25000000,LANCAR,4,4. DIPLOMA
A227863,60,NEW,PEREMPUAN,36,MENIKAH,0,Milik Sendiri,S1,Surabaya,PNS,12,4472000,0.56,60,89000000,LANCAR,5,5. S1
A139618,120,NEW,LAKI LAKI,47,MENIKAH,4,Milik Sendiri,SMA,Jakarta 5,Pegawai BUMN,22,6996405,0.38,120,150000000,LANCAR,3,3. SMA
A210829,24,NEW,LAKI LAKI,37,MENIKAH,0,Milik Sendiri,S1,Surabaya,Pegawai swasta,8,4660000,0.22,24,20000000,LANCAR,5,5. S1
A133893,36,NEW,LAKI LAKI,32,TIDAK MENIKAH,0,Sewa,SMA,Jakarta 5,Pegawai swasta,6,4270320,0.18,36,13000000,LANCAR,3,3. SMA
A248996,24,NEW,LAKI LAKI,40,MENIKAH,2,Milik Sendiri,DIPLOMA,Jakarta 3,Pegawai swasta,19,4027280,0.48,24,40000000,MACET,4,4. DIPLOMA
A178497,96,NEW,LAKI LAKI,27,TIDAK MENIKAH,0,Milik Orang Tua,S1,Bandung,Pegawai BUMN,3,3236868,0.6,96,50000000,LANCAR,5,5. S1
A137332,48,NEW,LAKI LAKI,32,MENIKAH,1,Milik Orang Tua,S1,Jakarta 5,Pegawai swasta,3,5751354,0.22,48,40000000,LANCAR,5,5. S1
A201977,60,NEW,LAKI LAKI,44,MENIKAH,3,Milik Sendiri,S1,Surabaya,Pegawai swasta,9,18723844,0.26,60,200000000,LANCAR,5,5. S1
A250885,36,NEW,LAKI LAKI,27,TIDAK MENIKAH,0,Milik Orang Tua,S1,Medan,Pegawai swasta,1,3298065,0.34,36,26000000,MACET,5,5. S1
A49802,90,NEW,LAKI LAKI,50,MENIKAH,3,Milik Sendiri,SMA,Jakarta 3,Pegawai swasta,25,9276692,0.42,90,200000000,LANCAR,3,3. SMA
A269079,60,NEW,LAKI LAKI,40,MENIKAH,3,Milik Sendiri,SMA,Surabaya,Pegawai swasta,3,3728650,0.35,60,50000000,LANCAR,3,3. SMA
