age,new.cust,cust.relation,income,payroll,product
35,0,A,75931.98,0,direct debit
39,0,I,241814.67,0,e-account
59,0,A,319132.8,0,direct debit
25,0,A,52795.47,0,direct debit
39,0,A,266896.86,1,e-account
44,0,A,42304.23,0,direct debit
24,0,A,161332.56,0,direct debit
46,0,A,97689.87,0,pension
41,0,A,119579.73,1,direct debit
35,0,A,120511.92,1,direct debit
42,0,A,192418.05,0,direct debit
40,0,A,76939.68,0,e-account
27,0,A,158406.18,0,direct debit
31,0,A,196360.95,1,direct debit
73,0,A,150066.87,0,e-account
24,0,A,155967.81,1,pension
48,0,A,211785.75,1,direct debit
45,0,A,545246.85,1,direct debit
42,0,A,236235.39,1,pension
39,0,A,162951.42,1,pension
23,0,A,75236.4,0,e-account
35,0,A,89258.58,1,pension
56,0,A,125356.62,1,direct debit
55,0,A,219359.76,0,e-account
30,0,A,122717.1,0,e-account
54,0,A,209065.47,1,direct debit
34,0,A,70190.16,0,direct debit
41,0,A,119579.73,1,pension
48,0,A,168469.8,1,direct debit
46,0,A,53920.74,1,direct debit
42,0,A,204068.73,0,direct debit
32,0,A,77263.62,1,pension
32,0,A,25354.47,1,pension
45,0,A,42266.91,0,direct debit
37,0,A,62769.78,1,e-account
62,0,A,42181.71,0,e-account
38,0,A,180314.82,0,direct debit
43,0,A,76479.9,1,pension
77,0,A,158032.98,1,direct debit
44,0,A,134536.92,1,direct debit
38,0,A,84300.18,0,direct debit
38,0,I,152720.46,0,e-account
47,0,A,289245.18,0,direct debit
65,0,A,194426.52,1,direct debit
50,0,A,66850.38,1,pension
39,0,A,266896.86,1,direct debit
31,0,A,102756.36,0,direct debit
27,0,A,124742.79,1,direct debit
68,0,A,126186,0,e-account
45,0,A,67163.67,0,direct debit
29,0,A,81504.24,1,direct debit
20,0,A,88011.24,0,e-account
55,0,A,81163.44,0,direct debit
52,0,A,163621.08,1,direct debit
21,0,I,192599.25,0,e-account
70,0,A,266319.51,0,e-account
75,0,A,196600.32,1,direct debit
32,0,A,129294.33,0,direct debit
42,0,A,51433.62,0,direct debit
43,0,A,100616.76,1,direct debit
33,0,A,263186.4,1,direct debit
49,0,A,92385.51,1,pension
25,0,A,179924.31,1,pension
60,0,A,48924,1,direct debit
43,0,A,64234.26,1,direct debit
47,0,A,198447.72,1,pension
58,0,A,219035.28,1,pension
39,0,A,202502.34,0,e-account
68,0,A,144490.92,0,direct debit
52,0,A,84011.01,0,e-account
45,0,A,102653.85,1,e-account
54,0,A,37386.3,0,direct debit
64,0,A,283844.61,0,direct debit
46,0,A,128771.76,1,direct debit
51,0,A,52459.62,0,direct debit
36,0,I,49642.38,0,e-account
26,0,A,51358.41,1,direct debit
44,0,A,236037.99,1,direct debit
45,0,A,333371.19,1,pension
37,0,A,52460.49,0,e-account
30,0,A,94603.92,0,direct debit
45,0,A,168833.85,0,e-account
45,0,A,364150.32,0,direct debit
35,0,A,89258.58,1,e-account
26,0,A,239174.04,0,e-account
49,0,A,37248.33,0,direct debit
55,0,A,57036.21,0,e-account
73,0,A,150066.87,0,pension
34,0,A,75452.01,1,direct debit
72,0,A,677535.09,0,e-account
64,0,A,255361.38,1,pension
22,0,A,34264.02,1,pension
39,0,A,205658.52,0,e-account
42,0,A,31864.71,1,direct debit
31,0,A,73384.68,0,direct debit
42,0,A,236235.39,1,e-account
62,0,A,73605.15,0,direct debit
28,0,A,173129.61,0,direct debit
75,0,A,299889.81,1,direct debit
50,0,A,66009.12,1,e-account
25,0,I,45913.47,0,direct debit
52,0,A,173252.16,1,direct debit
62,0,A,289811.61,0,e-account
37,0,A,83967.48,1,direct debit
39,0,A,101097.78,1,e-account
32,0,A,78932.7,1,direct debit
39,0,I,60896.31,0,e-account
43,0,A,136952.34,1,direct debit
41,0,A,95882.19,0,direct debit
33,0,A,117271.05,1,pension
32,0,A,78932.7,1,e-account
39,0,A,206045.64,1,direct debit
74,0,A,316320.69,1,pension
42,0,A,118110.87,1,pension
47,0,A,198447.72,1,direct debit
92,0,A,83623.23,0,e-account
38,0,A,136686.03,1,direct debit
26,0,A,66235.2,0,direct debit
42,0,A,131023.38,1,e-account
46,0,A,246121.35,0,e-account
40,0,A,70820.46,0,e-account
59,0,A,61889.67,1,pension
52,0,A,208180.35,1,direct debit
44,0,A,236037.99,1,pension
26,0,A,117701.1,0,direct debit
34,0,A,44035.05,1,pension
46,0,A,110318.73,1,pension
26,0,A,159572.52,1,pension
54,0,A,91281.84,1,e-account
45,0,A,234258.75,1,pension
27,0,A,137439,1,direct debit
89,0,A,49309.65,0,direct debit
51,0,A,141897.78,1,e-account
37,0,A,55627.29,1,pension
54,0,A,87393.9,1,pension
52,0,A,97198.71,1,e-account
37,0,A,423560.13,0,e-account
29,0,A,88879.35,0,direct debit
60,0,A,154697.37,1,direct debit
35,0,A,60287.67,0,direct debit
46,0,A,361213.74,1,e-account
37,0,A,111671.4,0,direct debit
45,0,A,114099,1,pension
38,0,A,206356.56,1,pension
71,0,A,198449.85,1,direct debit
30,0,A,189034.8,1,pension
36,0,A,129038.55,0,e-account
83,0,A,50744.07,1,direct debit
55,0,A,271610.46,1,e-account
43,0,A,91088.13,0,direct debit
24,0,A,81469.08,0,e-account
31,0,A,82550.7,1,direct debit
53,0,A,95839.17,1,e-account
52,0,A,163621.08,1,pension
56,0,A,66968.19,0,direct debit
37,0,A,187156.23,1,pension
60,0,A,396359.49,1,direct debit
77,0,A,158032.98,1,pension
61,0,A,121810.8,0,e-account
35,0,A,94446.21,0,direct debit
46,0,A,147935.64,0,e-account
34,0,A,77307.93,0,direct debit
33,0,A,341908.05,1,direct debit
64,0,A,232102.35,1,direct debit
50,0,A,229203.27,0,e-account
32,0,A,91415.88,1,direct debit
51,0,A,141897.78,1,direct debit
51,0,A,37959.75,1,direct debit
40,0,A,114464.58,0,direct debit
39,0,A,99881.94,1,pension
59,0,A,116847.09,1,pension
36,0,A,206000.43,0,e-account
25,0,I,58742.01,0,none
26,0,A,117271.23,0,none
47,0,I,105353.22,0,none
46,0,I,48236.73,0,none
18,0,A,122278.41,0,none
31,0,I,93168.81,1,none
43,0,A,49790.49,1,pension
45,0,I,59530.77,0,none
22,0,I,93294,0,none
55,0,A,120444.6,0,direct debit
22,0,A,82831.5,0,none
42,0,I,78707.13,0,none
72,0,A,97939.38,0,e-account
29,0,I,145229.25,0,none
23,0,A,158069.46,0,none
52,0,I,33399.75,0,none
40,0,I,56263.98,0,none
57,0,A,110763.75,1,pension
53,0,A,104129.37,0,e-account
46,0,A,102856.68,1,pension
41,0,A,72998.52,1,direct debit
34,0,I,60304.86,0,none
71,0,A,52327.05,1,pension
48,0,A,95907,1,direct debit
37,0,A,90461.04,0,none
77,0,I,69814.77,0,e-account
42,0,A,72115.41,0,none
23,0,I,77686.92,0,none
51,0,A,124422.3,1,pension
23,0,A,210845.04,0,none
25,0,I,52512.75,0,none
57,1,A,137615.13,0,none
50,0,A,91578.06,0,e-account
22,0,A,251483.7,0,e-account
51,0,A,79078.86,0,direct debit
46,0,A,54889.68,0,direct debit
24,0,I,98032.44,0,none
25,0,I,88500.63,0,none
21,0,I,59400,0,none
23,0,A,99084.72,0,e-account
33,0,A,74595.03,0,none
30,0,A,303222.84,0,none
23,0,I,69608.1,0,none
48,0,I,215031.12,0,none
41,0,A,1566058.44,0,none
22,0,I,93198.27,0,none
45,0,I,123097.89,0,none
23,0,I,126618.75,0,none
24,0,A,111596.19,0,none
62,0,I,215163.69,0,none
22,0,I,146279.22,0,none
26,0,I,182107.74,0,none
59,0,I,107187.78,0,none
71,0,A,205178.67,0,none
47,0,A,97575.45,0,none
33,0,I,140962.44,0,none
25,0,I,58035.03,0,none
59,0,A,61889.67,1,e-account
45,0,A,76956.09,1,direct debit
21,0,I,62494.47,0,none
50,0,A,105335.25,1,pension
26,0,I,266359.26,0,none
77,0,A,282066.6,0,none
52,0,A,124922.61,0,none
22,0,I,80111.82,0,none
23,0,I,59867.19,0,none
79,0,I,139792.17,0,none
52,0,A,154056.9,0,none
47,0,A,88459.32,0,none
23,0,I,14269.02,0,none
27,0,I,61378.92,0,none
46,0,A,53920.74,1,pension
40,0,I,91169.73,0,e-account
27,0,A,155713.56,0,direct debit
31,0,I,246717.99,0,none
26,0,I,125907.9,0,none
48,0,A,69036.9,0,direct debit
22,0,I,99701.85,0,none
69,0,A,56443.38,0,none
34,0,A,143864.73,0,none
25,0,I,66335.67,0,none
24,0,I,162148.08,0,none
21,0,I,84787.71,0,none
39,0,I,60785.04,0,none
13,0,A,144200.01,0,none
36,0,A,66803.97,1,direct debit
22,0,I,361869.42,0,none
47,0,A,98972.34,1,direct debit
36,0,A,221509.14,0,e-account
27,0,I,80602.35,0,none
75,0,I,171614.31,0,none
31,0,A,47989.86,0,none
33,0,A,91819.92,0,none
36,0,A,145556.07,0,none
42,0,A,98452.98,0,none
62,0,A,155901.57,0,none
23,0,I,271972.41,0,none
47,0,A,166185.15,0,none
21,0,I,80278.59,0,none
41,0,A,229225.53,1,direct debit
42,0,I,55244.22,0,none
51,0,A,121972.53,0,none
50,0,I,57107.46,0,none
23,0,I,67702.86,0,none
31,0,I,47247.18,0,none
50,0,A,362432.28,0,none
36,0,A,206000.43,0,pension
65,0,I,300896.52,0,none
23,0,I,117328.77,0,none
33,0,I,293578.23,0,none
41,0,A,247859.07,1,direct debit
23,0,I,166447.35,0,none
42,0,I,96697.59,0,none
21,0,I,156354.72,0,none
53,0,I,180401.7,0,none
37,0,A,250906.47,1,pension
55,0,A,75006.81,1,direct debit
45,0,A,74178.48,0,direct debit
60,0,A,48924,1,pension
77,0,A,99720.06,0,none
28,0,I,45908.58,0,none
55,0,I,61936.47,0,none
41,0,A,229225.53,1,pension
23,0,I,31077.81,0,none
53,0,A,130028.34,1,pension
23,0,I,33740.25,0,none
50,0,A,94911.3,0,none
97,0,I,132541.92,0,none
40,0,A,65700.06,0,direct debit
42,0,A,106696.41,0,direct debit
24,1,A,59964.72,0,none
25,0,I,34636.92,0,none
52,0,I,84216.39,0,none
58,0,I,101265.72,0,none
25,0,I,125464.02,0,none
80,0,A,106794.63,0,e-account
52,0,A,84701.43,0,pension
58,0,A,101783.82,0,none
40,0,I,226762.47,0,none
56,0,I,178427.64,0,none
45,0,I,88389.03,0,none
22,0,A,298675.35,1,none
24,0,I,98159.04,0,none
31,0,A,117278.37,0,direct debit
20,0,I,101939.4,0,none
30,0,I,107199.69,0,none
24,0,I,98429.67,0,none
21,0,A,129899.64,0,e-account
55,0,A,156295.08,0,none
21,1,I,31872.36,0,none
47,0,A,79824.12,0,direct debit
24,0,I,197532.42,0,none
50,0,A,181525.08,0,none
52,0,I,87639.45,0,none
45,0,I,153130.17,0,none
60,0,A,162013.23,1,pension
43,0,A,367397.7,0,e-account
79,0,A,209987.61,1,direct debit
54,0,A,145181.61,0,none
25,0,I,73451.79,0,none
25,0,I,259624.44,0,none
44,0,A,128015.31,0,direct debit
22,0,A,91019.91,0,none
65,0,I,46253.43,0,none
71,0,I,51945.36,0,none
44,0,A,165032.22,0,none
41,0,A,71700.48,0,none
34,0,A,228470.1,1,pension
31,0,I,93215.79,0,none
41,0,I,165740.52,0,none
37,0,A,67484.76,0,direct debit
71,0,I,144145.5,0,none
25,0,I,55394.52,0,none
24,0,I,27052.95,0,none
26,0,I,61217.13,0,none
24,0,I,52495.8,0,none
45,0,A,115344.75,1,pension
72,0,I,96852.36,0,none
43,0,I,225914.34,0,none
57,0,A,163299.42,0,none
47,0,I,64456.38,0,none
32,0,A,106071.3,1,e-account
26,0,I,181510.59,0,none
67,0,I,193497.03,0,none
6,0,A,118677.24,0,none
40,0,A,51273.12,1,pension
21,0,I,73312.05,0,none
58,0,A,219035.28,1,direct debit
23,0,I,90216.39,0,none
75,0,A,105670.11,0,none
55,0,A,85480.02,0,none
51,0,A,161217.36,1,pension
21,0,I,46751.19,0,none
28,0,I,66209.61,0,none
88,0,A,125183.55,1,direct debit
58,0,A,124189.53,0,none
58,0,I,98810.55,0,none
23,0,I,73924.98,0,none
39,0,A,371807.76,0,none
26,0,I,61844.76,0,none
42,0,A,293277,1,pension
24,0,I,54625.32,0,none
32,0,A,77074.02,1,direct debit
23,0,I,70047.39,0,none
21,0,A,234181.68,0,direct debit
39,0,A,59516.01,1,pension
95,0,A,161863.65,0,none
22,0,I,151838.28,0,none
23,0,I,27336.6,0,none
37,0,A,90216.09,1,direct debit
40,0,A,82368.84,1,pension
25,0,I,100990.44,0,none
33,0,A,65829.75,0,direct debit
44,0,A,190912.14,0,none
54,0,A,263760.48,0,none
37,0,A,91253.31,0,none
28,0,I,25825.92,0,none
50,0,I,40243.95,0,none
34,1,A,83123.01,0,none
28,0,A,29644.98,0,none
36,0,A,154851.96,0,none
46,0,I,81349.41,0,none
22,0,I,73292.01,0,none
28,0,A,98186.58,0,none
46,0,A,54360.87,1,pension
28,0,A,91711.65,1,direct debit
26,0,I,55672.2,0,none
25,0,A,105401.4,0,none
57,0,A,128640.33,0,none
53,0,A,232377.78,0,none
63,0,A,27173.67,0,direct debit
33,0,A,191675.16,0,none
48,0,A,97547.25,1,direct debit
44,0,I,64225.08,0,none
63,0,A,172852.02,0,e-account
54,0,A,564281.22,1,pension
63,0,A,91512.96,0,none
25,0,I,81447.42,0,none
73,0,A,393601.05,0,direct debit
26,0,I,92098.92,0,none
24,0,A,161882.46,0,direct debit
40,0,A,154525.32,0,e-account
39,0,A,89883,1,e-account
27,0,I,126442.08,0,none
46,0,A,263239.11,1,pension
24,0,I,39041.88,0,none
24,0,A,73379.25,0,none
48,0,I,45179.85,0,none
17,0,A,126093.42,0,none
37,0,I,104232.24,0,none
36,0,A,107472.84,1,pension
27,0,I,66117.3,0,none
43,0,A,75855.03,0,none
21,0,I,34099.68,0,none
26,0,A,125605.26,0,none
53,0,I,49810.2,0,none
48,0,I,85619.4,0,none
25,0,A,103588.14,0,pension
31,0,A,133043.73,1,direct debit
46,0,A,45289.26,0,none
27,0,A,64412.28,1,direct debit
37,0,I,108061.44,0,none
20,1,A,48626.82,0,none
90,0,I,93230.64,0,none
37,0,I,135213.03,0,none
42,0,I,57365.64,0,none
24,0,I,135314.31,0,none
51,0,A,61644.66,1,pension
61,0,I,117732.78,0,none
22,0,A,59754.54,0,none
25,0,I,56889.45,0,none
42,0,A,108899.79,1,pension
68,0,A,136574.91,0,none
25,0,I,40827.36,0,none
46,0,A,102251.49,0,none
36,0,A,135050.01,0,none
35,0,A,88138.89,1,direct debit
27,0,I,78531.45,0,none
33,0,I,37229.88,0,none
52,0,A,130946.91,0,direct debit
44,0,I,108443.13,0,none
23,0,I,36411.36,0,none
25,0,I,83838.54,0,none
43,0,A,145618.14,0,e-account
32,0,A,77074.02,1,pension
44,0,I,211406.67,0,none
43,0,A,65949.84,1,pension
57,0,A,81887.97,1,direct debit
51,0,I,116923.53,0,none
23,0,I,67894.11,0,none
21,0,I,59559.6,0,none
53,0,I,79988.55,0,none
50,0,A,106990.74,1,pension
28,0,I,174597.51,0,none
22,0,I,167240.91,0,none
40,0,A,108377.82,0,direct debit
31,0,I,128608.62,0,none
23,0,I,96344.28,0,none
28,0,I,82004.43,0,none
60,0,I,96405.24,0,none
39,0,I,147102.96,0,none
74,0,A,130381.89,0,none
71,0,I,199275.57,0,none
39,0,A,47493.66,0,e-account
53,0,A,139624.41,0,none
23,0,A,92937.27,0,direct debit
42,0,A,46452.6,0,none
24,0,I,93126.57,0,none
71,0,A,160462.74,0,direct debit
40,0,I,63580.86,0,none
88,0,I,184625.58,0,none
55,0,A,157546.08,1,pension
31,0,I,307300.02,0,none
66,0,A,151352.13,0,none
86,0,I,91890.03,0,none
87,0,I,113596.65,0,none
45,0,A,235242.54,1,pension
48,0,A,61087.23,0,none
24,1,I,26935.74,0,none
65,0,A,119023.59,0,none
23,0,A,114616.92,0,none
56,0,I,130423.44,0,none
50,0,I,70574.52,0,none
44,0,A,106003.8,1,e-account
56,0,A,46445.49,0,none
29,0,A,107241.81,0,e-account
38,0,A,61535.43,0,none
21,0,I,54745.77,0,none
31,1,A,132293.55,0,none
55,0,A,216526.47,1,pension
39,0,I,64764.36,0,none
20,1,A,40463.4,0,none
37,0,I,53420.1,0,e-account
22,1,I,90389.91,0,none
38,0,A,88620.36,0,none
69,0,I,189652.2,0,none
38,0,I,73353.66,0,e-account
48,0,A,182291.37,0,none
23,0,I,97823.34,0,none
51,0,A,87854.04,1,e-account
26,0,I,39916.95,0,none
29,0,A,140327.43,1,direct debit
37,0,I,319904.04,0,none
42,0,A,108899.79,1,direct debit
20,0,I,131418.66,0,none
49,0,I,60988.95,0,none
25,0,I,55624.41,0,none
53,0,A,72832.23,0,direct debit
45,0,I,55462.23,0,none
20,0,I,54876.09,0,none
44,0,I,537349.68,0,none
42,0,I,112337.82,0,none
32,0,A,79489.56,0,direct debit
24,0,I,117816.63,0,none
63,0,A,116850.54,1,direct debit
53,0,I,142001.31,0,none
30,0,A,51512.52,0,direct debit
51,0,A,43759.86,0,none
48,0,A,589980.21,1,pension
67,0,A,117375.33,0,none
81,0,A,109629.21,0,none
38,0,I,111391.23,0,none
44,0,A,96459.51,0,none
48,0,A,54703.92,0,none
51,0,A,117334.83,1,pension
23,0,I,94654.56,0,none
29,0,I,61937.91,0,none
51,0,A,116679.12,1,direct debit
21,0,I,28365.57,0,none
64,0,A,74688.15,0,none
47,0,A,211768.59,0,direct debit
43,0,A,84119.64,1,e-account
51,0,A,78468.93,0,direct debit
20,1,I,148631.25,0,none
23,0,I,66145.05,0,none
48,0,I,126410.37,0,none
56,0,A,119960.43,0,none
24,0,I,85792.71,0,none
26,0,I,87742.92,0,none
73,0,I,251936.79,0,none
36,0,I,339945.36,0,none
36,0,A,91109.19,1,pension
38,0,A,130590.24,0,e-account
23,0,I,164305.86,0,none
47,0,A,383078.13,0,none
28,0,I,105415.26,0,none
29,0,I,92900.49,0,none
34,0,A,69554.34,1,e-account
34,0,I,71670,0,none
25,0,I,117930.9,0,none
62,0,I,155750.76,0,none
57,0,A,209096.1,0,none
47,0,A,49606.59,0,none
71,0,A,181651.26,0,none
48,0,A,78209.46,0,direct debit
88,0,A,166916.55,0,none
43,0,A,235192.14,0,none
23,0,I,178469.7,0,none
63,0,A,3279304.29,1,e-account
86,0,I,31460.64,0,none
44,0,A,54455.58,1,e-account
32,0,I,56266.92,0,none
26,0,I,93158.28,0,none
48,0,I,134803.29,0,none
50,0,A,112724.52,0,none
22,0,I,88001.55,0,none
46,0,A,246121.35,0,pension
45,0,A,235242.54,1,direct debit
23,0,I,150767.67,0,none
35,0,I,89059.89,0,none
38,0,A,136686.03,1,e-account
50,0,A,291669.84,0,direct debit
23,0,A,136930.23,0,direct debit
71,0,A,525007.65,0,none
29,0,I,80981.52,0,none
57,0,A,48303.78,1,direct debit
67,0,A,64188.93,0,none
30,0,I,43239.72,0,none
80,0,A,81858.18,1,pension
66,0,I,60043.56,0,e-account
34,0,A,162618.99,0,direct debit
40,0,A,108886.62,0,none
42,0,I,147091.08,0,none
22,0,I,118876.47,0,none
39,0,A,80129.4,0,direct debit
46,0,A,48244.26,1,e-account
35,0,A,46838.13,0,none
79,0,I,132311.37,0,none
23,0,I,77149.08,0,none
58,0,I,272309.46,0,none
59,0,I,107980.41,0,none
50,0,A,83200.83,0,none
42,0,I,306445.41,0,none
31,1,A,528828.75,0,none
36,1,A,96783.15,0,none
26,0,I,82030.8,0,none
42,0,A,51413.94,0,none
46,0,I,213743.64,0,none
37,0,A,83967.48,1,pension
72,0,A,92512.32,0,none
53,0,I,66325.23,0,none
20,1,A,20499.96,0,none
23,0,I,73710.36,0,none
23,0,I,62505.03,0,none
37,0,I,204340.14,0,none
30,0,I,426705.96,0,none
21,0,I,94280.52,0,none
34,0,I,45728.13,0,none
22,0,I,147104.49,0,none
58,0,I,65771.91,0,none
24,0,I,80646.72,0,none
47,0,A,193332.78,1,direct debit
33,0,I,67763.46,0,none
21,0,I,143041.65,0,none
24,0,I,36784.26,0,none
22,0,I,52901.28,0,none
42,0,A,31864.71,1,pension
42,0,A,186220.44,0,none
28,0,I,72174.36,0,none
60,0,I,75024.39,0,none
58,0,I,82286.13,0,none
32,0,A,94683.27,1,direct debit
23,0,A,83594.52,0,none
80,0,I,590703.45,0,none
20,0,I,124987.47,0,none
43,0,A,148655.79,0,none
48,0,I,109693.2,0,none
73,0,A,165247.23,0,none
36,0,I,55175.13,0,none
49,0,A,160050.24,0,none
50,0,A,723562.17,0,pension
31,0,I,122436.96,0,none
63,0,A,116850.54,1,pension
22,0,A,41849.61,0,none
91,0,I,37675.98,0,none
30,0,I,108148.83,0,none
22,0,A,82850.64,0,e-account
38,0,I,135522.15,0,none
54,0,A,121495.2,0,none
91,0,I,101569.29,0,none
25,0,I,80176.35,0,none
50,0,A,445232.61,1,pension
39,0,I,65667.57,0,none
31,0,I,78373.11,0,none
41,0,A,194120.01,1,e-account
37,0,A,250906.47,1,direct debit
41,0,I,69867.09,0,none
64,0,A,138361.05,0,e-account
21,0,I,67209.6,0,none
51,0,A,149525.76,1,pension
60,0,I,172269.33,0,none
47,0,A,249703.2,0,none
23,0,A,45925.56,0,none
46,0,A,156906.06,1,e-account
94,0,I,130432.95,0,none
29,0,I,87393.93,0,none
44,0,A,79104.21,0,none
25,0,A,250059.81,1,pension
36,0,I,574834.59,0,none
23,0,I,175239.42,0,none
43,0,A,213537.3,0,direct debit
66,0,A,226888.89,0,e-account
27,0,I,81243.9,0,none
23,0,A,146743.77,1,pension
51,0,I,222919.02,0,none
59,0,I,64069.35,0,none
61,0,A,147353.64,1,direct debit
45,0,I,137940.24,0,none
28,0,A,82699.35,0,none
60,0,A,165017.58,1,e-account
55,0,I,103275.63,0,none
21,0,I,129731.1,0,none
24,0,I,77081.94,0,none
28,0,A,68578.53,0,none
50,0,A,213623.01,0,none
48,0,A,337858.2,0,none
83,0,A,139075.02,0,direct debit
36,0,I,223739.94,0,none
21,0,I,65398.53,0,none
53,0,I,131945.67,0,none
62,0,I,141537.36,0,none
20,1,I,42753.84,0,none
22,0,A,212274.3,0,direct debit
36,0,I,204948.18,0,none
46,0,I,94706.64,0,none
27,0,I,218465.79,0,none
12,0,A,176952.36,0,none
71,0,A,154546.02,1,direct debit
52,0,A,355003.08,0,none
31,0,I,70971.39,0,none
21,0,I,99671.31,0,none
41,0,A,92279.82,0,none
23,0,I,75050.79,0,none
45,0,A,64866.33,0,none
60,0,A,55499.31,0,e-account
22,0,I,76969.47,0,none
61,0,A,38445.96,0,none
37,1,A,110357.07,0,direct debit
25,0,A,65959.11,0,none
42,0,A,84436.2,0,e-account
36,0,I,67039.59,0,none
29,0,I,63335.94,0,none
23,0,A,53501.46,0,none
34,0,I,70969.2,0,none
23,0,I,96723.09,0,none
68,0,A,114861.06,0,none
27,0,A,60241.17,0,none
36,0,A,173947.83,1,pension
21,0,I,142983.66,0,none
47,0,I,170899.11,0,none
47,0,A,94362.66,0,none
26,0,I,127970.37,0,none
88,0,I,39135.99,0,none
29,0,A,74853.87,0,none
22,1,A,119227.14,0,none
22,0,I,113913.78,0,none
36,0,A,53322.48,0,none
37,0,I,87971.85,0,none
83,0,I,68388.93,0,none
20,0,A,30878.01,0,none
77,0,A,137733.51,0,none
23,0,I,48283.05,0,none
43,0,A,226666.44,0,none
37,0,I,182524.38,0,none
28,0,I,60289.32,0,none
43,0,I,125012.04,0,none
68,0,A,73983.96,0,none
38,0,A,25412.13,0,none
40,0,A,49178.97,0,none
41,0,I,66925.14,0,none
40,0,A,134559.12,0,none
44,0,A,98500.05,0,direct debit
42,0,A,105691.23,0,none
35,0,A,104919.33,1,pension
34,0,A,87841.62,0,none
74,0,I,400151.25,0,none
22,0,I,62022.9,0,none
27,0,I,73526.79,0,none
22,0,I,143118.69,0,none
42,0,A,88026.18,0,none
58,0,A,55180.86,0,none
46,0,I,64957.56,0,none
50,0,I,53008.05,0,none
39,0,I,45685.95,0,none
41,0,A,40494.15,0,e-account
21,0,I,70235.34,0,none
49,0,A,111927.69,0,none
42,0,I,110639.01,0,none
56,1,A,76892.85,0,direct debit
36,0,A,56197.2,0,e-account
25,0,I,101276.28,0,none
31,0,I,118406.07,0,none
59,0,I,224845.14,0,none
81,0,A,193458.75,0,e-account
19,0,I,113473.56,0,none
54,0,I,48113.76,0,none
32,0,A,94683.27,1,e-account
23,0,A,590636.67,0,e-account
48,0,I,124659.78,0,none
61,0,A,312938.13,0,none
26,0,A,46217.22,0,none
23,0,I,89787.93,0,none
23,0,I,119675.55,0,none
64,0,A,124987.02,0,none
26,0,I,156510.66,0,none
63,0,I,77563.44,0,none
21,0,I,126215.19,0,direct debit
41,0,A,338279.34,1,pension
47,0,A,193332.78,1,e-account
45,0,I,78432.84,0,none
50,0,I,174575.46,0,none
29,0,I,315747.78,0,none
21,0,I,59312.91,0,e-account
44,0,A,91949.25,1,e-account
38,0,A,332779.83,0,none
24,0,I,105476.52,0,none
33,0,I,228991.98,0,none
24,0,A,115129.44,0,none
45,0,A,37688.01,1,direct debit
72,0,I,110294.46,0,none
52,0,A,97198.71,1,direct debit
49,0,A,83734.11,0,direct debit
65,0,I,359907.33,0,e-account
20,1,I,121498.29,0,none
24,0,I,83542.65,0,none
48,0,A,158738.01,0,none
75,0,A,286745.31,0,none
24,0,I,84375.21,0,none
22,0,I,87262.71,0,none
26,0,I,189173.67,0,none
46,0,I,158909.61,0,none
54,0,A,102567.09,0,none
53,0,A,331065.69,0,e-account
71,0,I,189812.73,0,none
46,0,I,73900.71,0,none
46,0,I,29150.91,0,none
39,0,A,153794.28,0,direct debit
43,0,A,237698.07,0,direct debit
25,0,A,104379.93,0,none
73,0,A,281277.99,1,direct debit
24,0,I,63790.11,0,none
68,0,I,343867.86,0,none
39,0,I,252585.03,0,none
86,0,I,133392.18,0,none
45,0,A,454014.33,0,none
52,0,I,98896.68,0,none
62,0,I,96890.04,0,none
44,0,A,42304.23,0,e-account
50,0,I,44801.34,0,none
23,0,I,72881.94,0,none
34,0,I,109312.38,0,none
23,0,I,312912.42,0,none
21,0,I,87351,0,none
41,0,A,283716,1,pension
42,0,A,128934.12,0,direct debit
51,0,A,202761.54,0,none
42,0,A,100703.13,0,none
29,0,I,53620.56,0,none
22,0,I,703230.3,0,none
39,0,I,212385.78,0,none
47,0,A,107974.5,1,direct debit
45,0,I,222705.57,0,none
21,0,I,145922.46,0,none
66,0,A,132801.03,1,direct debit
69,0,I,52919.37,0,none
57,0,I,39689.07,0,none
23,0,I,138022.32,0,none
35,0,A,72038.31,0,none
23,0,I,74648.4,0,none
67,0,A,203823.24,1,none
21,0,I,65399.97,0,none
49,0,A,251105.91,0,none
46,0,A,68563.47,0,direct debit
40,0,A,82266.12,1,direct debit
62,0,I,74865.6,0,none
101,0,I,84999.54,0,none
45,0,A,157724.37,1,direct debit
61,0,A,191295.24,1,pension
103,0,I,38634.84,0,none
46,0,A,411413.7,0,none
23,0,I,97581.3,0,none
61,0,A,149202.36,0,none
34,0,A,178894.44,1,direct debit
38,0,A,43926.6,0,direct debit
34,0,A,32614.14,0,none
38,0,A,127531.02,0,direct debit
25,0,I,132230.16,0,none
21,0,I,78881.91,0,none
77,0,A,166774.65,0,none
40,0,I,181916.25,0,none
23,0,I,212216.46,0,none
25,0,I,115598.49,0,none
41,0,I,50314.47,0,none
29,0,I,37157.25,0,none
60,0,I,156686.67,0,none
50,0,A,119257.14,1,none
58,0,A,270186.42,0,none
47,0,A,121474.23,0,direct debit
26,0,A,146532.24,1,pension
68,0,I,117674.25,0,none
46,0,A,226681.53,0,none
23,0,A,59447.04,0,none
20,0,A,94378.05,0,none
43,0,A,132573.51,0,e-account
44,0,A,134536.92,1,pension
27,0,A,1558109.52,0,none
41,0,I,20610.9,0,none
50,0,I,210145.35,0,none
50,0,A,129222.48,1,pension
25,0,I,56637.24,0,none
26,0,I,47713.14,0,none
56,0,I,57597.33,0,none
47,0,I,43598.61,0,none
47,0,A,79491.48,0,e-account
84,0,A,96208.17,0,none
22,0,I,202596.66,0,none
37,0,I,82312.05,0,e-account
54,0,A,293515.41,0,none
21,0,A,93220.35,0,direct debit
40,0,I,206043.69,0,none
43,0,A,235385.64,0,none
47,0,I,109480.26,0,none
35,0,A,120511.92,1,pension
26,0,I,65866.62,0,none
32,0,A,91415.88,1,e-account
29,0,A,53486.94,1,direct debit
53,0,A,41727.57,0,direct debit
51,0,A,185420.67,1,direct debit
29,0,I,103459.59,0,none
60,0,A,49462.74,1,pension
49,0,I,433020.45,0,none
43,0,I,240252.93,0,none
42,0,A,201776.07,0,none
59,0,A,137560.8,0,none
53,0,A,163368.66,0,direct debit
24,0,I,65593.95,0,none
42,0,A,106475.07,0,none
23,0,A,144933.03,1,e-account
43,0,A,105432.78,0,e-account
23,0,I,69025.38,0,none
51,0,A,185420.67,1,pension
21,0,I,58375.95,0,none
24,0,I,67581.42,0,none
60,0,A,248136.06,0,none
23,0,I,76107.06,0,none
54,0,A,562811.79,0,none
47,0,A,79491.48,0,direct debit
46,0,I,158325.33,0,none
65,0,I,116875.38,0,none
39,0,I,618418.2,0,none
32,0,I,89973.54,0,none
31,0,I,69694.02,0,none
83,0,I,90844.68,0,none
21,0,I,659062.26,0,none
38,0,I,53163.27,0,none
52,0,A,79556.7,1,pension
45,0,A,114515.43,1,e-account
53,0,I,106508.22,0,none
46,0,I,105859.26,0,none
41,0,A,280108.14,1,direct debit
40,0,A,101121.9,0,none
37,0,A,76564.95,1,direct debit
28,0,A,66649.44,0,none
72,0,A,27793.17,0,none
22,0,A,76889.58,0,none
24,0,I,59462.88,0,none
21,0,I,74534.85,0,none
37,0,A,284601.6,1,direct debit
45,0,I,723339.9,0,none
62,0,A,162767.13,0,direct debit
25,0,I,99735.57,0,none
62,0,A,162667.86,0,direct debit
45,0,A,198478.08,0,direct debit
44,0,I,120121.29,0,none
44,0,A,75211.89,1,direct debit
12,0,I,190883.37,0,none
25,0,I,89748.84,0,none
60,0,A,165017.58,1,pension
49,0,A,88367.01,0,none
87,0,A,96520.98,0,none
51,0,A,150289.77,1,e-account
40,0,A,128584.71,1,pension
24,0,A,246407.07,0,none
48,0,I,223561.59,0,none
21,0,A,124259.04,0,none
63,0,I,108610.65,0,none
61,0,I,189760.32,0,none
44,0,A,206295.87,0,none
41,0,I,22173.06,0,none
24,0,A,94335.12,0,none
64,0,I,276377.46,0,none
23,0,I,177171.6,0,none
28,0,I,163450.17,0,none
70,0,I,165814.65,0,none
40,0,A,114464.58,0,e-account
60,0,I,78544.65,0,none
46,0,A,156906.06,1,pension
64,0,A,85996.83,1,pension
79,0,I,66012,0,none
69,0,A,126316.23,0,none
41,0,A,247859.07,1,pension
38,0,I,802484.37,0,none
25,0,I,134978.61,0,none
35,0,I,154714.35,0,none
60,0,A,149002.44,1,e-account
58,0,A,266400.09,0,direct debit
65,0,A,177083.31,0,none
54,0,A,251914.95,0,none
30,1,A,70502.79,0,none
23,0,I,42015.21,0,direct debit
54,0,A,36068.34,0,direct debit
35,0,I,41958.24,0,none
22,0,A,66747.3,0,none
54,0,A,135738.57,0,none
22,0,I,72741.15,0,none
82,0,A,102882.15,0,e-account
45,0,A,83408.46,0,e-account
44,0,A,116988.84,0,e-account
43,0,A,68543.64,1,e-account
48,0,A,176019.6,1,pension
82,0,A,292077.15,0,e-account
22,0,A,198082.5,0,none
36,0,A,83667.48,1,pension
43,0,I,120112.32,0,none
42,0,A,293277,1,e-account
42,0,A,255491.94,0,direct debit
52,0,A,169099.8,0,direct debit
40,0,A,61412.19,1,e-account
50,0,A,225694.41,0,none
40,0,I,100514.22,0,none
24,0,I,114738.9,0,none
40,0,I,130423.44,0,none
53,0,I,100823.58,0,none
24,0,I,37231.35,0,none
49,0,A,111031.62,1,direct debit
77,0,I,200047.53,0,none
29,0,I,118523.13,0,none
37,0,A,152267.7,0,none
45,0,A,176122.59,0,none
44,0,I,119781.39,0,none
51,0,I,213108.09,0,none
15,0,A,112501.2,0,none
44,0,A,74231.7,0,none
23,0,I,41646.48,0,none
44,0,I,121236.06,0,none
52,0,I,85139.16,0,none
22,0,I,38557.08,0,none
23,0,I,80391.36,0,none
46,0,I,100841.13,0,none
67,0,I,47109.3,0,none
21,0,A,180575.37,0,none
41,0,I,73881.87,0,none
26,0,I,76428.48,0,none
62,0,A,73605.15,0,e-account
25,0,I,105579.03,0,none
57,0,I,70838.25,0,none
22,0,I,66448.83,0,none
36,0,I,63117.45,0,none
43,0,A,115439.16,1,direct debit
41,0,A,194120.01,1,pension
23,0,I,78850.2,0,none
60,0,A,57318.21,0,none
36,0,I,26130.99,0,none
23,0,A,234225.57,0,direct debit
38,0,I,100894.65,0,none
63,0,I,187948.11,0,none
72,0,I,141938.7,0,none
25,0,A,77310.99,0,none
23,0,I,172600.59,0,none
40,0,A,148114.41,0,direct debit
43,0,A,71796.72,0,none
87,0,A,197670.3,0,none
46,0,I,85190.16,0,none
40,0,A,263066.04,0,direct debit
21,0,I,137555.28,0,none
43,0,A,103800.87,0,e-account
68,0,A,66140.13,0,none
44,0,I,175027.8,0,none
37,0,I,196179.63,0,none
22,0,I,129157.05,0,none
33,0,I,85445.22,0,none
27,0,A,64412.28,1,pension
24,0,I,31712.73,0,none
22,0,I,93376.08,0,none
45,0,A,77901.06,0,none
39,0,A,80746.11,0,direct debit
44,0,I,47406.63,0,none
57,0,I,95714.37,0,none
22,0,A,473997.6,0,none
50,0,A,191428.86,1,pension
23,0,I,66014.79,0,none
85,0,I,70339.26,0,none
42,0,I,69250.38,0,none
43,0,I,59661.57,0,none
33,0,A,341908.05,1,e-account
27,0,I,70504.86,0,none
52,0,I,15280.14,0,none
23,0,I,81555.51,0,none
39,0,A,89113.95,0,none
40,0,A,87886.71,0,none
34,0,I,48893.16,0,none
82,0,I,95793.66,0,none
22,0,I,131381.88,0,none
28,0,A,58420.41,1,pension
27,0,I,51272.61,0,none
32,0,I,76979.82,0,e-account
41,0,I,131859.57,0,none
43,0,A,89388.48,0,none
52,0,A,93834.27,0,none
25,0,I,106383.27,0,none
22,0,I,83041.05,0,none
58,0,I,162039.3,0,none
23,0,I,89695.17,0,none
73,0,I,276627.15,0,none
47,0,A,159271.05,0,none
31,0,A,82550.7,1,e-account
55,0,A,110109.09,0,direct debit
40,0,A,117377.49,0,none
24,0,I,117437.88,0,none
46,0,I,110308.92,0,none
21,0,A,95711.67,0,none
21,0,A,17896.89,0,none
68,0,A,126186,0,direct debit
25,0,I,69633.21,0,direct debit
43,0,I,78342.42,0,none
41,0,A,63112.32,0,none
49,0,A,238611.24,1,direct debit
77,0,A,316115.4,0,none
33,0,A,101425.8,0,direct debit
30,0,A,245768.16,0,none
21,0,A,307828.44,0,none
12,0,A,171998.28,0,none
22,0,I,234098.13,0,none
82,0,I,53066.46,0,none
49,0,I,325562.91,0,none
37,0,I,108380.1,0,none
30,0,I,127291.92,0,none
74,0,A,316320.69,1,e-account
26,0,A,149076.6,0,none
29,0,I,64367.7,0,none
55,0,A,87191.82,1,direct debit
94,0,A,303533.7,0,none
22,0,A,216932.49,0,none
25,1,I,74303.79,0,none
37,0,A,88927.2,1,direct debit
34,0,A,188600.55,0,direct debit
59,0,A,77845.98,1,e-account
73,0,A,80690.67,0,none
76,0,A,107287.14,0,none
44,0,A,89124.75,0,e-account
23,0,I,93760.59,0,none
49,0,A,75426.15,1,pension
47,0,I,126879.66,0,none
23,0,A,149998.32,0,none
24,0,I,58747.62,0,none
78,0,A,40505.58,0,none
20,0,A,81813.39,0,none
29,0,I,62567.55,0,none
28,0,I,147099.27,0,none
67,0,A,78906.9,0,e-account
40,0,I,66445.23,0,none
21,0,I,81822.15,0,none
54,0,A,79757.04,1,direct debit
27,0,A,151233.51,0,none
24,0,I,105168.63,0,none
29,0,I,66184.74,0,none
55,0,A,130863.51,1,direct debit
39,0,A,114295.59,0,none
22,0,I,73600.53,0,none
21,0,I,50766.9,0,none
33,0,I,93142.89,0,none
21,0,A,40911.06,0,none
38,0,A,186804.54,0,none
22,0,I,134226.42,0,none
27,0,A,203829.9,0,none
36,0,I,206879.97,0,none
59,0,I,106183.65,0,none
21,1,I,38415.45,0,none
52,0,I,115115.22,0,none
43,0,A,234731.37,1,pension
21,0,I,92637.06,0,e-account
45,0,A,157724.37,1,e-account
24,0,I,39270.84,0,none
23,0,I,104347.2,0,none
27,0,I,93131.01,0,none
39,0,I,145062.6,0,none
21,0,A,82219.35,0,none
45,0,A,65643.93,0,direct debit
45,0,I,149347.14,0,none
53,0,I,55460.16,0,none
54,0,I,177385.17,0,none
35,0,A,156292.2,0,direct debit
62,0,A,266865.18,0,e-account
57,0,I,78824.91,0,none
32,0,A,49701.27,0,direct debit
40,0,A,184511.37,0,none
42,0,A,288819.81,1,e-account
21,0,A,61380.63,1,none
39,0,A,128318.52,0,e-account
27,0,I,71636.22,0,none
51,0,I,127338.99,0,none
21,0,I,110500.41,0,none
36,0,I,315531.09,0,none
54,0,I,37470.6,0,none
41,0,A,130156.71,0,none
24,0,A,57127.38,0,none
22,0,I,174855.33,0,none
49,0,A,204297.69,1,direct debit
24,0,A,93863.1,0,none
52,0,A,65561.46,0,none
22,0,I,57675.42,0,none
60,0,A,74205.66,0,direct debit
21,0,I,106392.27,0,none
51,0,A,89279.73,1,pension
24,0,I,93403.65,0,none
25,0,I,117742.86,0,none
63,0,A,152652.03,0,direct debit
25,0,I,46912.59,0,none
79,0,A,100739.01,0,e-account
32,0,I,72764.79,0,none
43,0,A,106037.55,0,none
44,0,I,36647.79,0,none
49,0,A,202037.79,0,none
71,0,I,278400.27,0,none
41,0,I,44161.83,1,pension
47,0,A,110684.22,0,direct debit
21,1,I,36631.11,0,none
88,0,A,87900.24,0,none
25,0,I,25783.95,0,none
48,0,I,138142.02,0,none
53,0,I,45436.83,0,none
40,0,A,175622.28,0,pension
28,0,I,68657.88,0,none
58,0,I,347967.84,0,none
56,0,A,136025.64,0,none
61,0,A,70971.18,1,direct debit
29,0,A,50321.37,0,none
28,0,I,132121.71,0,none
20,0,I,358377.69,0,none
42,0,I,56651.85,0,none
24,0,I,120713.76,0,none
55,0,I,90588.9,0,none
49,0,A,254389.8,0,none
30,0,A,74372.52,0,none
20,0,I,92779.23,0,none
26,0,I,39348.87,0,none
22,0,I,57808.17,0,none
55,0,I,130132.05,0,none
43,0,A,194286.27,1,direct debit
61,0,A,145952.49,0,direct debit
28,0,A,22660.65,0,none
31,1,A,83415.48,1,pension
39,0,A,104927.94,1,direct debit
26,0,I,76322.61,0,none
54,0,I,238937.55,0,none
48,0,I,62354.67,0,none
38,0,A,211553.79,0,direct debit
21,0,I,70672.14,0,none
30,0,I,108546.48,0,none
53,0,A,130556.19,0,none
23,0,I,77445.9,0,none
23,0,A,102971.67,0,e-account
23,0,I,54649.38,0,none
47,0,A,204923.91,0,direct debit
37,0,I,177110.46,0,none
55,0,I,43428.84,0,none
23,0,A,505682.76,0,none
25,0,I,120428.52,0,none
31,0,I,157960.71,0,none
41,0,I,448639.71,0,none
42,0,I,869589.51,0,none
46,0,A,133631.79,0,none
23,0,I,337890.42,0,none
10,0,A,113124.33,0,none
24,0,I,142778.31,0,none
45,0,A,114099,1,direct debit
24,0,A,289038.69,0,none
53,0,I,122601.51,0,none
30,0,I,54935.82,0,none
81,0,A,65234.01,1,direct debit
42,0,I,76878.69,0,none
52,0,A,30076.8,0,e-account
40,0,A,102082.05,0,e-account
51,0,A,123063.84,0,direct debit
55,0,A,96897.18,0,none
37,0,I,109206.84,0,none
58,0,A,469191.9,1,pension
23,0,I,65542.77,0,none
22,0,I,128568.99,0,none
73,0,I,222118.71,0,none
40,0,A,183576.33,0,e-account
39,0,A,138970.68,1,pension
34,0,I,83525.16,0,none
26,0,I,67794.54,0,none
23,0,I,40873.98,0,none
44,0,A,66456.84,0,none
33,0,A,77793.03,1,direct debit
34,0,I,402620.16,0,none
41,0,A,292110.15,0,none
50,0,A,66009.12,1,pension
46,0,I,118532.73,0,none
56,0,A,214992.39,0,none
51,0,A,161505.09,0,none
63,0,I,492711.6,0,none
34,0,A,136617.27,0,e-account
50,0,A,110698.83,1,e-account
24,0,A,142602.54,0,none
37,0,I,95839.71,0,none
23,0,I,103572.09,0,none
69,0,A,44119.53,0,none
46,0,A,57270.69,1,direct debit
56,0,A,266518.38,1,e-account
43,0,A,153655.23,0,e-account
52,0,A,315761.85,0,direct debit
79,0,A,227395.56,0,e-account
68,0,I,80791.77,0,none
46,0,A,113548.95,0,none
21,0,A,135376.26,0,none
44,0,I,185687.13,0,e-account
23,0,I,31330.62,0,none
42,0,I,42477.21,0,none
25,0,A,51581.25,0,none
45,0,A,51451.65,0,none
54,0,I,122635.29,0,none
53,0,A,95839.17,1,direct debit
47,0,A,92009.16,1,pension
49,0,I,80921.1,0,none
56,0,I,187089.81,0,none
42,0,A,74526.12,0,none
45,0,I,175771.02,0,none
28,0,I,30063.27,0,none
72,0,I,193356.39,0,none
20,0,A,58540.38,0,none
68,0,I,263959.68,0,none
26,0,I,70946.13,0,none
32,0,A,36011.58,0,e-account
40,0,I,68209.35,0,none
41,0,I,61049.85,0,none
27,0,I,62616,0,none
19,0,I,162478.11,0,none
46,0,A,122178.45,0,e-account
44,0,A,64143.33,0,none
40,0,A,109262.85,1,direct debit
30,0,I,62225.31,0,none
55,0,I,101919.09,0,none
25,0,I,77904.63,0,none
43,0,A,82089.15,0,none
47,0,I,119789.79,0,none
23,0,I,32722.32,0,none
72,0,A,128658.12,0,none
23,0,I,64683.45,0,none
49,0,A,75426.15,1,e-account
39,0,I,128038.62,0,none
72,0,A,235990.62,1,pension
21,0,I,134666.01,0,none
32,0,A,85730.46,1,direct debit
77,0,A,248434.02,0,none
36,0,A,69158.88,0,none
41,0,I,72706.11,0,none
45,0,A,234258.75,1,direct debit
41,0,I,108465.51,0,none
22,0,A,83376.24,0,none
40,0,A,41561.82,0,none
35,0,I,74195.85,0,none
59,0,A,170141.22,0,none
58,0,I,137052.03,0,none
42,0,I,199875.12,0,none
37,0,A,70331.55,0,none
38,0,A,239564.91,0,none
47,0,A,123826.02,0,direct debit
76,0,I,60672.27,0,none
64,0,A,85996.83,1,direct debit
100,0,I,144446.13,0,none
5,0,A,171603.51,0,none
43,0,A,53899.71,0,direct debit
27,0,I,57375,0,none
23,0,I,113307.81,0,none
26,0,I,230665.14,0,none
20,0,A,92949.93,0,none
79,0,A,198326.01,0,none
50,0,A,101698.26,1,direct debit
23,0,I,80873.34,0,none
28,0,I,145260.12,0,none
39,0,I,61895.22,0,none
22,0,I,29314.65,0,none
30,0,A,59356.92,0,direct debit
47,0,A,338470.92,1,pension
37,0,A,72458.37,0,none
26,0,I,75963.24,0,none
23,0,I,49202.46,0,none
23,0,I,71307.3,0,none
40,0,A,89959.32,0,none
22,0,I,30957.6,0,none
87,0,A,167675.85,0,none
23,0,I,107352.66,0,none
63,0,A,66166.56,1,pension
48,0,A,63982.02,0,none
46,0,A,124422.3,1,e-account
32,0,A,117530.25,0,none
25,0,I,68155.5,0,none
44,0,A,58109.49,0,direct debit
76,0,A,103543.11,1,pension
35,1,A,91473.48,0,none
42,0,I,64226.79,0,none
38,0,I,95678.97,0,none
49,0,A,120810.18,1,direct debit
21,0,A,80291.01,0,none
36,0,A,121770.99,0,direct debit
88,0,A,67799.79,0,none
23,0,I,33868.8,0,none
57,0,I,184524.42,0,none
25,0,I,55205.49,0,none
23,0,I,45090.33,0,none
22,0,I,110083.47,0,none
41,0,I,109250.7,0,none
47,0,A,106457.67,0,e-account
94,0,I,167158.47,0,none
44,0,I,96116.37,0,none
22,0,A,45043.05,0,none
42,0,A,324371.88,1,pension
23,0,I,124719.03,0,none
78,0,A,185933.1,0,none
29,0,A,129669.39,0,direct debit
34,0,I,82723.71,0,none
52,0,A,176498.76,0,direct debit
62,0,A,1076743.98,0,direct debit
37,0,A,714648.06,0,none
28,0,I,108949.92,0,none
40,0,A,101523.03,0,none
21,0,I,13357.41,0,none
47,0,A,64295.52,0,none
39,0,A,107427.15,0,direct debit
44,0,A,130263.33,1,pension
22,0,I,63905.94,0,none
25,0,I,174529.53,0,none
80,0,I,44352.12,0,none
59,0,A,126485.04,0,none
25,0,I,89059.53,0,none
41,0,A,137977.11,1,direct debit
25,0,I,61135.08,0,none
48,0,A,104600.13,0,none
21,0,I,157201.53,0,none
30,0,I,127505.7,0,none
85,0,I,80505.39,0,none
37,0,A,84250.56,0,none
31,0,A,49753.47,0,none
60,0,I,96405.24,0,none
31,0,I,76895.34,0,none
83,1,P,114668.19,0,none
26,0,A,52724.79,0,none
21,0,I,67255.14,0,none
58,0,A,314837.88,1,e-account
31,0,I,85997.19,0,none
23,0,I,142558.11,0,none
50,0,A,117184.05,1,e-account
22,0,I,145197.33,0,none
47,0,A,114378.39,0,e-account
54,0,A,64558.38,1,direct debit
48,0,A,116286.78,1,e-account
22,0,I,319936.38,0,none
38,0,I,72997.92,0,none
39,0,A,101097.78,1,pension
30,0,I,107844.9,0,none
23,0,I,48348.24,0,none
25,0,I,91108.44,0,none
24,0,A,168473.04,1,direct debit
41,0,A,128216.37,0,direct debit
45,0,A,104017.59,0,none
68,0,I,166944.66,0,none
39,0,A,158971.8,1,e-account
71,0,A,256999.98,0,e-account
25,0,I,55799.19,0,none
27,0,A,81120.21,0,direct debit
23,0,A,61638.06,0,none
50,0,I,72911.55,0,none
26,0,A,113105.16,0,none
75,0,A,70543.89,0,e-account
24,0,I,144774.03,0,none
47,0,A,121685.43,0,none
24,0,I,60376.62,0,none
33,0,I,78599.7,0,none
22,0,I,22701,0,none
52,0,A,1110444.84,0,none
24,0,I,53667.96,0,none
41,0,I,339937.35,0,none
41,0,A,108636.66,0,e-account
44,0,A,54455.58,1,direct debit
29,0,I,35364.12,0,none
46,0,A,145534.77,1,pension
44,0,A,402356.91,0,none
52,0,I,68653.83,0,none
27,1,A,118059.06,0,none
43,0,A,139790.64,0,none
23,1,I,34344.39,0,none
21,0,A,93768.51,0,none
43,0,A,78489.69,1,e-account
58,0,A,314837.88,1,pension
46,0,I,108550.14,0,none
40,0,I,47636.19,0,none
20,1,A,77518.5,0,none
38,0,A,74204.4,1,pension
29,0,I,54313.86,0,none
48,0,I,68924.4,0,none
66,0,I,197699.76,0,none
51,0,A,105553.53,0,none
45,0,A,68685.84,0,none
49,0,A,133771.35,0,none
48,0,A,325364.94,0,direct debit
28,0,I,246700.38,0,none
27,0,I,87641.28,0,none
43,0,A,253477.11,0,none
46,0,A,362419.98,0,none
54,0,A,159538.23,0,none
58,0,A,197468.85,0,none
67,0,A,157736.52,0,e-account
59,0,A,99213.18,0,none
44,0,A,73211.4,0,direct debit
26,1,A,55260.87,0,none
29,0,A,100076.25,0,none
57,0,A,100295.67,0,none
23,0,I,177839.7,0,none
39,0,A,91398.75,0,direct debit
23,0,A,112751.37,0,none
24,0,I,67405.14,0,none
40,0,A,125106.06,0,none
45,0,A,169885.32,0,none
56,0,A,59005.11,0,none
51,0,A,156855.84,1,direct debit
54,0,A,147016.59,0,e-account
57,0,A,185861.61,0,none
43,0,I,73577.19,0,none
27,0,A,64412.28,1,e-account
22,0,I,78469.17,0,none
44,0,A,75211.89,1,e-account
21,0,I,52341.99,0,none
38,0,A,104993.46,0,none
79,0,A,337737.45,0,none
39,0,A,191556.69,0,direct debit
42,0,I,98032.14,0,none
51,0,A,85690.5,1,pension
39,0,A,104927.94,1,pension
40,0,I,89108.94,0,none
47,0,I,114164.94,0,none
26,0,I,20263.35,0,none
26,0,I,64820.34,0,none
61,0,A,408778.14,0,none
23,0,I,120755.1,0,none
48,0,I,155677.86,0,none
21,0,A,90563.49,0,direct debit
36,0,I,62443.62,0,none
22,0,I,72627.66,0,none
21,0,I,56711.16,0,none
41,0,A,92293.44,0,direct debit
28,0,A,100385.94,1,pension
20,1,I,78530.1,0,none
25,0,A,45863.73,0,none
43,0,I,260135.82,0,none
38,0,A,224954.31,0,e-account
82,0,A,25478.13,1,none
45,0,I,153156.6,0,none
35,0,I,100278.93,0,none
61,0,A,145952.49,0,e-account
25,0,I,123852.54,0,none
40,0,A,95999.61,0,e-account
54,0,A,229609.23,0,none
61,0,I,170691.33,0,none
52,0,A,70669.38,0,none
77,0,A,61294.17,0,none
83,0,I,105558.09,0,none
67,0,A,144508.71,0,none
22,0,I,64342.62,0,none
33,0,I,119452.77,0,none
37,0,I,71452.62,0,none
41,0,I,105480.84,0,none
80,0,I,56506.38,0,none
44,0,I,54563.28,0,none
76,0,I,96333.42,0,e-account
43,0,I,39511.8,0,none
62,0,A,60887.64,0,direct debit
39,0,A,178359.87,0,e-account
24,0,I,46339.8,0,none
55,0,I,351907.08,0,none
47,0,I,142876.8,0,none
22,0,A,139119.27,0,none
23,0,I,140968.11,0,none
24,0,I,316638.24,0,none
49,0,I,338898.75,0,none
44,0,I,210302.94,0,none
55,0,A,99129.36,1,direct debit
40,0,A,108377.82,0,e-account
33,0,I,76895.82,0,none
43,0,A,78489.69,1,pension
34,0,I,53399.22,0,none
45,0,A,65366.46,0,none
84,0,I,73857.57,0,none
69,0,I,20757.63,0,none
48,0,I,195950.25,0,none
22,0,I,41507.34,0,none
44,0,A,122686.26,1,direct debit
21,0,I,100466.73,0,none
40,0,A,192217.05,0,direct debit
47,0,A,203480.31,1,pension
34,0,A,58228.53,0,none
27,0,A,54401.4,0,none
63,0,A,455355.57,0,none
57,0,A,156515.52,1,direct debit
22,0,I,80465.76,0,none
67,0,A,136604.91,0,e-account
25,0,I,72747.36,0,none
20,0,A,79689.39,0,none
43,0,A,65949.84,1,direct debit
29,0,I,41600.58,0,none
34,1,A,61111.41,0,none
38,0,I,88197.12,0,none
65,0,I,478445.13,0,none
25,0,I,69131.49,0,none
54,0,A,87393.9,1,e-account
23,0,I,49400.58,0,none
34,0,I,60917.37,0,none
24,0,I,268477.47,0,none
22,0,I,150258.09,0,none
69,0,I,198908.58,0,none
49,0,A,98964.39,0,direct debit
20,0,A,156299.25,0,e-account
52,0,A,103186.11,0,direct debit
95,0,I,41587.35,0,none
42,0,A,129277.53,1,direct debit
36,0,A,221509.14,0,direct debit
87,0,A,306169.53,0,none
24,0,I,79274.31,0,none
50,0,A,82870.2,0,none
52,0,A,114900.57,0,none
48,0,A,176019.6,1,direct debit
20,1,I,29030.55,0,none
35,0,I,69470.1,0,none
37,0,A,88927.2,1,pension
35,0,A,175892.61,0,none
38,0,I,37683.36,0,none
23,0,I,48966.78,0,none
79,0,A,209987.61,1,e-account
50,0,A,106990.74,1,direct debit
25,0,A,158210.49,1,e-account
79,0,A,46415.43,0,none
65,0,A,224750.58,0,none
21,0,I,47610.78,0,none
22,0,I,85194.63,0,none
38,0,A,87100.41,0,direct debit
40,0,I,103676.43,0,none
62,0,A,164224.62,0,e-account
77,0,I,127427.28,0,none
34,0,A,228470.1,1,direct debit
26,0,I,158909.16,0,none
23,0,I,64341.06,0,none
45,0,I,96931.98,0,none
24,0,I,91611.27,0,none
35,0,A,84839.16,0,none
96,0,I,189606.09,0,none
59,0,A,176197.92,1,e-account
55,0,A,151770.81,0,none
31,0,I,64829.19,0,none
43,0,I,125610.66,0,none
57,0,A,160159.47,1,pension
41,0,I,98462.37,0,none
105,0,I,328308.03,0,none
55,0,A,157546.08,1,e-account
42,0,I,99708.72,0,none
49,0,A,82676.19,1,pension
22,0,I,24069.09,0,none
21,0,I,67846.26,0,none
24,0,I,81307.11,0,none
58,0,I,49278.57,0,none
32,0,A,112578.24,1,direct debit
28,1,A,84830.4,0,none
51,0,I,81525.93,0,none
49,0,I,50269.11,0,none
64,0,I,125901.36,0,none
37,0,A,194366.73,0,none
22,0,I,37795.71,0,none
42,0,A,94575.9,0,e-account
24,0,I,113429.64,0,none
73,0,A,355451.28,0,e-account
48,0,A,92441.85,1,pension
66,0,A,82326.66,0,e-account
62,0,I,106486.92,0,none
27,0,A,125207.34,0,direct debit
29,0,I,120676.65,0,none
75,0,A,172426.11,0,none
64,0,A,177305.76,1,direct debit
31,0,I,197860.2,0,none
25,0,A,315029.67,0,none
26,0,A,94504.59,0,none
22,0,A,153028.83,0,none
24,0,I,98748.99,0,none
44,0,A,169999.2,0,none
30,0,I,72025.14,0,none
27,0,A,71775,0,none
62,0,I,160745.25,0,none
31,0,A,192137.85,0,direct debit
25,0,A,99433.62,0,none
52,0,A,208180.35,1,e-account
64,1,A,160745.25,0,none
81,0,A,40725,0,none
44,0,I,63271.32,0,none
69,0,A,71302.53,0,none
37,0,A,64180.98,0,none
42,0,A,183941.82,0,none
42,0,A,129277.53,1,pension
30,0,I,129959.91,0,none
22,0,I,75404.49,0,none
44,0,A,294148.89,0,direct debit
27,0,A,127013.91,0,none
66,0,A,113258.22,0,e-account
56,0,A,91552.5,0,none
41,0,A,108604.98,0,none
26,0,I,40193.13,0,none
58,0,I,61053.3,0,none
24,0,A,160140.72,0,none
39,0,A,90695.73,0,direct debit
59,0,A,225731.34,0,none
57,0,A,201919.62,0,none
36,0,A,89170.71,0,none
24,0,I,48541.17,0,none
42,0,I,153044.61,0,none
23,0,I,77307,0,none
51,0,A,167338.71,0,none
55,0,I,78053.52,0,none
55,0,A,115278.06,0,none
26,0,I,126456.15,0,none
70,0,A,52798.62,0,none
52,0,A,121120.41,0,e-account
14,0,A,133394.22,0,none
32,0,I,57549.9,0,none
49,0,A,82676.19,1,direct debit
21,0,I,107144.04,0,none
82,0,A,272739.6,0,none
47,0,A,203480.31,1,direct debit
29,0,A,56234.01,1,direct debit
24,0,I,104054.88,0,none
41,0,A,108636.66,0,direct debit
59,0,A,73685.22,0,e-account
32,0,A,74252.52,0,e-account
33,0,A,248042.04,0,direct debit
35,0,A,81580.29,0,direct debit
46,0,A,57270.69,1,pension
46,0,A,191885.16,0,e-account
41,0,A,166907.22,0,e-account
48,0,A,73586.34,0,e-account
42,0,A,27334.08,1,direct debit
45,0,A,157724.37,1,pension
44,0,A,138086.79,0,direct debit
42,0,A,132505.65,0,direct debit
48,0,A,38872.2,0,pension
47,0,A,220977.03,1,direct debit
44,0,A,116988.84,0,direct debit
71,0,A,198449.85,1,pension
41,0,A,55325.55,0,direct debit
45,0,A,115344.75,1,direct debit
42,0,A,47619.48,1,direct debit
44,0,A,84663.72,0,direct debit
51,0,A,147694.92,1,direct debit
29,0,A,240841.5,1,direct debit
58,0,A,187725.12,0,e-account
53,0,A,112535.88,1,direct debit
49,0,A,131479.5,0,direct debit
58,0,A,135697.41,0,e-account
38,0,A,63754.83,0,direct debit
43,0,A,165203.85,1,pension
46,0,A,246121.35,0,direct debit
66,0,A,149811.72,0,e-account
24,0,A,82680.6,1,pension
40,0,A,90328.47,1,e-account
46,0,A,156280.44,1,pension
36,0,A,23319.48,0,direct debit
34,0,A,75452.01,1,pension
58,0,A,86128.17,0,e-account
41,0,A,444235.5,0,direct debit
50,0,A,110698.83,1,pension
47,0,A,156549.63,1,direct debit
44,0,A,42205.35,0,e-account
29,0,A,35993.82,0,direct debit
52,0,A,97198.71,1,pension
53,0,A,90474.9,1,direct debit
58,0,A,199959.36,1,direct debit
53,0,A,83442.87,0,e-account
50,0,A,81233.13,1,direct debit
37,0,A,66486.66,1,direct debit
21,0,A,196856.37,1,pension
37,0,A,66486.66,1,pension
25,0,A,48903.18,0,direct debit
36,0,A,91109.19,1,e-account
47,0,A,121474.23,0,e-account
48,0,A,33418.08,1,e-account
54,0,A,178533.03,1,pension
75,0,A,299889.81,1,pension
46,0,A,54360.87,1,e-account
46,0,A,717958.05,1,direct debit
34,0,A,54428.28,1,direct debit
45,0,A,113848.95,0,direct debit
39,0,A,192331.83,0,e-account
42,0,A,324371.88,1,e-account
38,0,A,52147.35,1,direct debit
38,0,A,238372.14,1,direct debit
51,0,A,89279.73,1,direct debit
55,0,A,57036.21,0,direct debit
32,0,A,42378.99,0,e-account
40,0,A,80924.46,0,e-account
47,0,A,44593.08,0,e-account
42,0,A,288819.81,1,pension
65,0,A,36843.93,1,direct debit
29,0,A,106376.34,1,direct debit
33,0,A,97165.05,1,pension
53,0,A,112535.88,1,pension
61,0,A,254001.03,0,e-account
38,0,A,115991.07,0,e-account
43,0,A,78489.69,1,direct debit
40,0,I,427562.76,0,direct debit
60,0,A,52974.18,1,direct debit
30,0,A,72773.4,0,direct debit
39,0,A,65069.22,0,direct debit
28,0,A,68567.94,0,direct debit
90,0,A,115085.79,1,direct debit
24,0,A,355999.62,0,e-account
60,0,A,225808.98,0,e-account
39,0,A,158971.8,1,pension
42,0,A,147059.73,1,direct debit
48,0,A,33418.08,1,direct debit
35,0,A,67070.01,0,direct debit
63,0,A,66166.56,1,direct debit
49,0,A,253931.61,0,direct debit
22,0,A,216093.39,0,e-account
42,0,A,118416.6,0,e-account
29,0,A,69137.76,0,direct debit
42,0,A,47619.48,1,e-account
44,0,A,59237.1,1,direct debit
72,0,A,235990.62,1,direct debit
53,0,A,132331.02,0,e-account
32,0,A,85056.66,1,direct debit
39,0,A,34908.75,1,direct debit
64,0,A,158644.98,0,e-account
40,0,A,281002.44,1,e-account
71,0,A,154546.02,1,e-account
38,0,A,86629.89,0,e-account
30,0,A,189034.8,1,e-account
31,0,A,108972.6,1,pension
37,0,A,95004.48,1,e-account
50,0,A,160411.8,0,e-account
57,0,I,150628.29,0,e-account
42,0,A,27334.08,1,pension
44,0,A,91949.25,1,pension
26,0,A,159572.52,1,direct debit
45,0,A,37688.01,1,pension
40,0,A,90328.47,1,direct debit
41,0,A,60960.63,1,pension
45,0,A,114515.43,1,direct debit
84,0,A,68375.61,0,e-account
46,0,A,361213.74,1,direct debit
49,0,A,93720.51,0,e-account
39,0,A,167944.32,1,direct debit
42,0,A,118110.87,1,direct debit
43,0,A,456853.08,1,pension
39,0,A,107427.15,0,e-account
37,0,A,192282.51,1,e-account
43,0,A,74868.06,0,direct debit
46,0,A,717958.05,1,pension
64,0,A,232102.35,1,e-account
59,0,A,176197.92,1,direct debit
38,0,A,86629.89,0,direct debit
52,0,A,457809.81,0,e-account
72,0,A,130237.23,1,e-account
51,0,A,259797.3,1,direct debit
64,0,A,232102.35,1,pension
73,0,A,38474.28,0,direct debit
42,0,A,301129.92,1,e-account
62,0,A,220873.26,0,pension
67,0,A,533919.99,1,direct debit
72,0,A,81575.37,0,e-account
74,0,A,95843.07,0,direct debit
48,0,A,78209.46,0,pension
52,0,A,149222.49,1,pension
65,0,A,62655.33,0,direct debit
23,0,A,416583.03,0,e-account
48,0,A,116286.78,1,pension
65,0,A,46553.55,0,e-account
40,0,A,135689.43,0,direct debit
74,0,A,39681.03,1,e-account
45,0,A,101556.48,0,direct debit
52,0,A,243280.2,0,direct debit
41,0,A,137977.11,1,pension
39,0,A,167944.32,1,e-account
45,0,A,243761.07,0,direct debit
44,0,A,228446.94,0,direct debit
36,0,A,206000.43,0,direct debit
76,0,A,112066.98,0,direct debit
51,0,I,100401.84,0,e-account
53,0,A,331065.69,0,direct debit
37,0,A,76564.95,1,pension
58,0,A,139077.3,1,pension
37,0,A,284601.6,1,pension
46,0,A,175502.55,0,direct debit
79,0,A,106592.46,1,direct debit
54,0,A,126052.05,0,e-account
30,0,A,69593.67,1,pension
50,0,A,188610.96,0,direct debit
29,0,A,106376.34,1,e-account
46,0,A,99582.03,0,direct debit
45,0,A,69044.55,0,e-account
34,0,A,43831.59,0,e-account
56,0,A,105535.98,0,e-account
27,0,A,73674.75,0,direct debit
38,0,A,182491.8,0,direct debit
52,0,A,143422.8,0,direct debit
36,0,A,107472.84,1,direct debit
32,0,A,85056.66,1,pension
39,0,A,59516.01,1,e-account
38,0,A,173195.37,1,direct debit
32,0,A,47944.95,0,e-account
23,0,A,50413.23,0,e-account
66,0,A,173872.62,0,direct debit
35,0,A,24611.28,0,direct debit
51,0,A,130598.04,0,e-account
64,0,A,85996.83,1,e-account
36,0,A,121770.99,0,pension
83,0,A,139075.02,0,e-account
33,0,A,263186.4,1,pension
40,0,A,175622.28,0,e-account
30,0,A,120437.76,0,direct debit
35,0,A,75333.21,0,direct debit
22,0,I,79433.85,1,pension
35,0,I,62144.22,0,e-account
53,0,A,111272.31,1,e-account
49,0,A,467807.97,0,direct debit
35,0,A,89258.58,1,direct debit
26,0,A,78179.82,0,direct debit
40,0,A,90328.47,1,pension
43,0,A,197798.37,1,direct debit
45,0,A,70873.41,1,pension
44,0,A,70158.63,0,direct debit
33,0,A,97165.05,1,direct debit
92,0,A,83623.23,0,direct debit
44,0,A,77688.72,0,e-account
51,0,A,97648.77,0,direct debit
39,0,A,65069.22,0,e-account
39,0,A,101097.78,1,direct debit
85,0,A,88351.41,0,e-account
49,0,A,141426.06,0,e-account
39,0,A,79662.12,0,direct debit
52,0,A,69912.63,0,e-account
51,0,A,117334.83,1,direct debit
40,0,A,103453.56,0,e-account
48,0,A,51452.58,1,pension
49,0,A,120810.18,1,pension
41,0,A,444235.5,0,e-account
61,0,A,147353.64,1,e-account
52,0,A,243280.2,0,e-account
29,0,A,140327.43,1,pension
47,0,A,99807.27,1,pension
55,0,A,219359.76,0,direct debit
31,0,A,122063.43,0,direct debit
60,0,A,165017.58,1,direct debit
22,0,A,212274.3,0,e-account
42,0,A,114414.78,1,e-account
42,0,A,77302.74,1,e-account
39,0,A,102484.17,0,direct debit
67,0,A,271906.65,1,e-account
72,0,A,130237.23,1,pension
50,0,A,191428.86,1,direct debit
47,0,A,156549.63,1,pension
45,0,A,102653.85,1,direct debit
53,0,A,118074.54,1,pension
51,0,A,247068.57,1,e-account
59,0,A,116847.09,1,e-account
35,0,A,235990.05,0,e-account
46,0,I,52694.34,1,pension
39,0,A,89883,1,pension
33,0,A,92375.85,1,pension
58,0,A,219035.28,1,e-account
60,0,A,194068.98,0,direct debit
44,0,A,200248.74,0,direct debit
60,0,A,162013.23,1,direct debit
23,0,A,134003.49,1,pension
29,0,A,106376.34,1,pension
76,0,A,167136.27,0,e-account
44,0,A,39278.25,0,direct debit
35,0,A,219056.58,0,e-account
63,0,A,3279304.29,1,pension
32,0,A,106071.3,1,pension
25,0,A,66791.07,0,direct debit
58,0,A,493081.8,1,e-account
23,0,I,110923.32,0,e-account
48,0,A,170720.07,0,direct debit
32,0,A,72562.5,0,e-account
37,0,A,109322.19,0,direct debit
43,0,A,224221.89,0,direct debit
51,0,A,147694.92,1,e-account
40,0,A,82266.12,1,pension
53,0,A,147468.72,0,direct debit
30,0,A,214374.3,0,direct debit
39,0,A,99881.94,1,e-account
53,0,A,130028.34,1,e-account
38,0,A,211553.79,0,e-account
89,0,A,61768.29,1,direct debit
36,0,A,173947.83,1,e-account
70,0,A,93480.09,0,e-account
23,0,A,45925.23,1,pension
36,0,A,66803.97,1,pension
30,0,A,149646,0,direct debit
41,0,A,136454.97,0,direct debit
30,0,A,51512.52,0,e-account
39,0,A,35079.15,0,e-account
42,0,A,77302.74,1,pension
48,0,A,52663.38,0,direct debit
43,0,A,115439.16,1,pension
40,0,A,149011.65,1,e-account
25,0,A,158210.49,1,direct debit
52,0,A,173252.16,1,pension
61,0,A,70971.18,1,pension
42,0,A,67072.47,1,direct debit
35,0,A,128261.46,0,e-account
43,0,A,190182.24,1,pension
45,0,A,88169.16,1,direct debit
34,0,I,262447.92,0,e-account
46,0,A,234398.46,0,direct debit
45,0,A,126475.98,1,e-account
51,1,A,63075.66,0,direct debit
53,0,A,90474.9,1,pension
46,0,A,110318.73,1,direct debit
32,0,A,85730.46,1,pension
39,0,A,206045.64,1,e-account
35,0,A,95938.23,1,direct debit
60,0,A,396359.49,1,pension
48,0,A,56242.86,0,e-account
43,0,A,234731.37,1,e-account
45,0,A,156741.96,1,direct debit
64,0,A,255361.38,1,direct debit
44,0,A,65748.3,0,direct debit
61,0,A,121810.8,0,direct debit
54,0,I,73903.62,0,e-account
46,0,A,40907.79,1,direct debit
40,0,A,128318.52,0,direct debit
34,0,A,80466.93,1,pension
57,0,A,79960.23,0,e-account
49,0,A,411796.86,0,e-account
47,0,A,92009.16,1,direct debit
49,0,A,93720.51,0,direct debit
35,1,A,88666.35,1,direct debit
42,0,A,140700.15,1,direct debit
40,0,A,149011.65,1,direct debit
29,0,A,81504.24,1,pension
36,0,I,236811.72,0,e-account
35,0,A,68891.34,1,direct debit
34,0,A,54428.28,1,pension
43,0,A,145083,0,e-account
35,0,A,266911.35,1,direct debit
52,0,A,64813.26,0,direct debit
60,0,A,49462.74,1,direct debit
21,0,A,95012.49,0,direct debit
29,1,I,96822.75,1,pension
36,0,A,43179.75,1,pension
27,0,A,124742.79,1,pension
32,0,A,77263.62,1,direct debit
52,0,A,163621.08,1,e-account
42,0,A,170918.52,1,pension
79,0,A,209987.61,1,pension
46,0,A,124422.3,1,pension
48,0,A,209698.47,0,e-account
44,0,A,95341.5,1,pension
54,0,A,75757.08,0,direct debit
41,0,I,84206.4,1,e-account
51,0,A,85690.5,1,direct debit
43,0,I,35744.34,0,e-account
53,0,A,506976.06,0,e-account
39,0,A,68305.65,0,e-account
43,0,A,79197.69,0,e-account
37,0,I,83109.78,0,e-account
43,0,A,112661.16,0,direct debit
50,0,A,101698.26,1,e-account
58,0,A,195738.69,1,pension
58,0,A,199959.36,1,pension
29,0,A,240841.5,1,pension
60,0,A,203969.04,0,e-account
32,0,A,75395.34,0,pension
77,0,I,118475.85,0,e-account
36,0,A,43179.75,1,direct debit
68,0,A,42685.89,0,e-account
48,0,A,92441.85,1,e-account
47,0,A,107974.5,1,pension
65,0,A,194426.52,1,e-account
39,0,A,81661.44,1,direct debit
39,0,A,206826.45,0,e-account
28,0,A,151224.09,1,pension
45,0,A,64978.95,0,direct debit
43,0,A,54010.23,0,direct debit
61,0,A,70971.18,1,e-account
24,0,A,252424.8,0,e-account
84,0,A,116213.46,0,direct debit
60,0,A,225808.98,0,direct debit
51,0,A,54047.22,0,direct debit
60,0,A,52974.18,1,e-account
41,1,A,276831.57,0,e-account
25,0,A,158210.49,1,pension
55,0,A,116837.1,1,pension
38,0,A,43051.83,1,pension
42,0,A,69901.77,0,e-account
53,0,A,111272.31,1,pension
49,0,A,115433.1,0,e-account
77,0,A,158032.98,1,e-account
23,0,A,102264.03,1,pension
29,0,A,80994.09,1,direct debit
67,0,A,533919.99,1,pension
44,0,A,326099.16,1,direct debit
66,0,A,334270.53,1,direct debit
50,0,A,105335.25,1,e-account
25,0,A,179924.31,1,direct debit
43,0,A,49790.49,1,direct debit
35,0,A,95938.23,1,e-account
37,0,A,55627.29,1,direct debit
38,0,A,79479.93,0,pension
43,0,A,167074.23,1,direct debit
66,0,A,132801.03,1,pension
74,0,A,39681.03,1,direct debit
41,0,A,175973.94,1,direct debit
36,0,A,91109.19,1,direct debit
31,0,A,133043.73,1,pension
31,0,A,68735.49,1,pension
50,0,A,264006.57,0,e-account
31,0,A,90776.37,0,direct debit
40,0,A,99239.52,0,direct debit
43,0,A,54834.21,1,direct debit
60,0,A,149002.44,1,pension
64,0,A,255361.38,1,direct debit
39,0,A,266896.86,1,pension
58,0,A,493081.8,1,direct debit
29,0,A,240841.5,1,e-account
36,0,A,104269.83,1,direct debit
43,0,A,167074.23,1,pension
43,0,A,156663.15,1,pension
55,0,A,75006.81,1,pension
39,1,A,105144.36,0,e-account
46,0,A,85698.6,0,direct debit
48,0,A,110445.54,1,pension
51,0,A,161217.36,1,direct debit
35,0,A,35937.03,0,e-account
42,0,A,67072.47,1,pension
53,0,A,115268.13,0,direct debit
42,0,A,87659.46,1,direct debit
43,0,A,76479.9,1,direct debit
76,0,A,69155.07,0,e-account
39,0,A,89883,1,direct debit
75,0,A,323475.87,0,e-account
41,0,A,127926.96,1,direct debit
48,0,A,92786.97,1,direct debit
39,0,A,167944.32,1,pension
50,0,A,101698.26,1,pension
40,0,A,281002.44,1,direct debit
41,0,A,82019.91,0,direct debit
29,0,A,135664.11,0,direct debit
45,0,A,88169.16,1,pension
45,0,A,333371.19,1,direct debit
38,0,A,95563.2,1,direct debit
40,0,A,127359.54,0,e-account
34,0,A,162618.99,0,e-account
50,0,A,117184.05,1,pension
30,0,A,45419.07,1,e-account
42,0,A,301129.92,1,direct debit
30,0,A,89518.26,1,e-account
32,0,A,48060.81,0,direct debit
53,0,A,101434.38,1,pension
45,0,A,121825.77,0,direct debit
45,0,A,209766.42,0,direct debit
43,0,A,84119.64,1,pension
76,0,A,112066.98,0,e-account
73,0,I,50339.97,1,pension
27,0,A,106223.85,0,e-account
41,0,A,283716,1,direct debit
51,0,A,89279.73,1,e-account
46,0,A,56074.86,1,pension
31,0,A,133043.73,1,e-account
50,0,A,1260416.73,0,direct debit
49,0,A,198405.03,1,direct debit
46,0,A,263239.11,1,direct debit
55,0,A,101862.54,0,e-account
42,0,A,123854.46,0,direct debit
36,0,A,173947.83,1,direct debit
57,0,A,71320.62,0,direct debit
57,0,A,185789.19,0,e-account
23,0,A,114088.8,0,direct debit
33,0,A,118513.74,1,direct debit
48,0,A,159220.68,0,direct debit
34,0,A,69554.34,1,direct debit
34,0,A,170421.9,0,direct debit
54,0,A,91281.84,1,pension
43,0,A,84119.64,1,direct debit
43,0,A,131662.65,0,direct debit
35,0,A,64700.79,1,pension
66,0,A,173872.62,0,pension
38,0,A,173195.37,1,pension
46,0,A,94220.97,1,direct debit
40,0,A,60219.57,0,direct debit
30,0,A,128952.39,0,direct debit
43,0,A,190182.24,1,e-account
49,0,A,89858.73,0,e-account
54,0,A,48848.55,0,e-account
42,0,A,130732.83,0,direct debit
22,0,A,148736.19,1,pension
46,0,A,113702.64,0,e-account
43,0,A,79197.69,0,direct debit
50,0,A,354019.5,0,e-account
35,0,A,42720.18,0,direct debit
57,0,A,110763.75,1,direct debit
48,0,A,97547.25,1,pension
60,0,A,220563.15,0,e-account
37,0,A,109322.19,0,e-account
42,0,A,324371.88,1,direct debit
25,0,A,34033.11,0,e-account
52,0,A,208180.35,1,pension
54,0,A,178533.03,1,direct debit
46,0,A,156906.06,1,direct debit
30,0,A,108823.41,0,direct debit
32,0,A,79191.9,1,direct debit
48,0,A,95907,1,pension
39,0,A,48588.12,1,direct debit
42,0,A,80726.13,0,direct debit
51,0,A,114749.46,0,direct debit
47,0,A,72295.8,0,direct debit
50,0,A,129222.48,1,direct debit
65,0,A,53455.86,1,pension
54,0,A,155599.41,1,direct debit
32,0,A,77474.04,1,pension
58,0,A,139077.3,1,direct debit
42,0,A,47619.48,1,pension
44,1,A,64819.08,0,e-account
76,0,A,125034.96,0,e-account
83,0,I,88209.66,0,e-account
34,0,A,95946.18,0,e-account
41,0,A,60960.63,1,direct debit
56,0,A,66968.19,0,e-account
54,0,A,564281.22,1,e-account
48,0,I,68924.4,0,direct debit
46,0,A,124422.3,1,direct debit
51,0,A,52459.62,0,pension
42,0,A,86259.78,0,e-account
53,0,A,85950.03,0,direct debit
64,0,A,89727.33,1,direct debit
51,0,A,150289.77,1,direct debit
38,0,A,228274.17,1,e-account
42,0,A,77302.74,1,direct debit
32,0,A,79736.49,0,e-account
35,0,A,266911.35,1,pension
43,0,A,115439.16,1,e-account
50,0,A,124817.94,1,pension
46,0,A,128771.76,1,pension
48,0,A,92441.85,1,direct debit
43,0,A,197798.37,1,pension
40,0,A,128584.71,1,direct debit
40,0,A,126935.85,0,direct debit
39,0,A,183166.35,1,pension
44,0,A,59237.1,1,pension
37,0,A,79794,0,e-account
35,0,A,64700.79,1,direct debit
44,0,A,89124.75,0,direct debit
39,0,A,74018.25,0,e-account
56,0,A,117115.62,1,direct debit
58,0,A,199959.36,1,e-account
53,0,A,111272.31,1,direct debit
30,0,A,94890.75,1,pension
71,1,A,90409.2,0,e-account
51,0,A,102704.19,0,e-account
46,0,A,451931.22,0,direct debit
30,0,A,58822.5,1,e-account
37,0,A,318069.3,0,direct debit
60,0,A,149002.44,1,direct debit
50,0,A,66850.38,1,direct debit
75,0,A,196600.32,1,pension
41,0,A,115284.63,1,direct debit
39,0,A,105770.97,0,direct debit
40,0,I,139596.72,0,e-account
36,0,A,259573.56,1,direct debit
88,0,A,187026.84,1,pension
65,0,A,36843.93,1,pension
39,0,A,240884.1,0,direct debit
53,0,A,297323.58,1,direct debit
20,0,I,167734.53,0,e-account
50,0,A,723562.17,0,direct debit
37,0,A,65066.79,1,pension
51,0,A,124422.3,1,direct debit
46,0,A,48244.26,1,pension
25,0,A,164055.9,1,pension
51,0,A,156076.47,0,direct debit
34,0,A,69554.34,1,pension
54,0,A,87393.9,1,direct debit
41,0,A,105092.97,1,direct debit
40,0,A,183576.33,0,pension
47,0,A,173069.7,1,direct debit
58,0,A,138185.28,0,e-account
32,0,A,77474.04,1,direct debit
31,0,A,307097.31,1,pension
64,0,A,32821.71,0,direct debit
60,0,A,154697.37,1,pension
41,0,A,8831646.36,0,e-account
27,0,A,53112.3,0,direct debit
32,0,A,254098.17,0,direct debit
51,0,A,78614.91,0,e-account
53,0,A,175691.37,0,direct debit
55,0,A,116837.1,1,direct debit
45,0,A,333371.19,1,e-account
61,0,A,213559.62,0,e-account
58,0,A,192153.42,0,direct debit
47,0,A,338470.92,1,direct debit
66,0,A,334270.53,1,e-account
78,0,A,47924.01,0,direct debit
23,0,A,155544.36,0,direct debit
72,0,A,130237.23,1,direct debit
43,0,A,145083,0,direct debit
39,0,A,81661.44,1,e-account
47,0,A,170189.97,0,e-account
50,0,A,723562.17,0,e-account
34,0,A,116253.69,0,e-account
44,0,A,106003.8,1,pension
42,0,A,118416.6,0,direct debit
38,0,A,63754.83,0,e-account
48,0,A,38872.2,0,e-account
30,0,A,58822.5,1,direct debit
50,0,I,63677.88,0,e-account
47,0,A,44918.19,1,direct debit
80,0,A,81858.18,1,direct debit
73,0,A,393601.05,0,pension
42,0,A,288819.81,1,direct debit
59,0,A,77845.98,1,pension
42,0,A,145987.89,0,direct debit
42,0,A,87659.46,1,e-account
75,0,A,299889.81,1,e-account
39,0,A,89805.81,0,direct debit
55,0,A,81163.44,0,pension
22,0,A,58093.11,1,pension
30,0,A,322791.3,0,e-account
58,0,I,260040.87,0,e-account
42,0,A,121318.92,1,e-account
54,0,A,184599,0,direct debit
32,0,A,40604.64,1,pension
72,0,A,145027.74,0,e-account
64,0,A,181711.38,0,e-account
51,0,A,100458.21,0,direct debit
35,0,A,266911.35,1,e-account
58,0,A,192153.42,0,e-account
44,0,A,84203.22,0,e-account
48,0,A,166818.96,0,direct debit
67,0,A,192580.41,0,e-account
49,0,A,198405.03,1,pension
33,0,A,73718.16,0,direct debit
43,0,A,79823.79,1,e-account
23,0,A,45925.23,1,e-account
45,0,A,83125.95,1,pension
34,0,A,178894.44,1,pension
56,0,A,117115.62,1,e-account
63,0,A,288398.79,0,e-account
65,0,A,80047.08,0,direct debit
56,0,A,60784.62,0,direct debit
47,0,A,140906.67,0,direct debit
41,0,A,68758.59,1,e-account
26,0,A,77933.97,0,direct debit
37,0,A,86354.85,0,direct debit
54,0,A,94964.82,1,pension
67,0,A,157736.52,0,direct debit
55,0,A,157546.08,1,direct debit
52,0,A,43092.33,0,pension
73,0,A,43041.66,0,e-account
42,0,I,108256.5,0,e-account
21,0,A,96439.74,0,direct debit
45,0,A,144718.53,0,direct debit
45,0,A,69044.55,0,direct debit
49,0,A,75426.15,1,direct debit
42,0,A,113465.52,0,direct debit
40,0,A,148114.41,0,e-account
40,0,A,281002.44,1,pension
38,0,A,61612.2,0,direct debit
40,0,A,64161.78,0,e-account
43,0,A,456853.08,1,direct debit
54,0,A,64558.38,1,pension
49,0,I,149443.92,0,e-account
50,0,A,110698.83,1,direct debit
54,0,A,79757.04,1,pension
53,0,A,115610.31,0,e-account
41,0,A,280108.14,1,pension
33,0,A,341908.05,1,pension
38,0,A,28904.25,0,direct debit
60,0,A,59562.66,0,e-account
40,0,A,50850.24,0,direct debit
47,0,A,85227.72,0,direct debit
83,0,A,233242.53,0,e-account
36,0,A,141293.25,0,direct debit
34,0,A,93949.56,1,pension
38,0,A,228274.17,1,pension
51,0,A,259797.3,1,pension
57,0,A,81887.97,1,pension
41,0,A,229225.53,1,e-account
37,0,A,192282.51,1,pension
31,0,A,108972.6,1,direct debit
56,0,A,125356.62,1,pension
30,0,A,58822.5,1,pension
40,0,A,70820.46,0,direct debit
39,0,A,55436.28,1,pension
46,0,A,102856.68,1,direct debit
44,0,A,130263.33,1,direct debit
36,0,A,78209.46,1,direct debit
32,0,A,224355.87,1,pension
40,0,A,119616.51,0,direct debit
38,0,A,120707.19,1,e-account
56,0,A,196300.35,1,direct debit
50,0,A,64563.27,0,direct debit
42,0,A,164655.57,1,pension
28,0,A,81484.95,0,direct debit
23,0,A,155552.49,0,e-account
46,0,A,46322.49,1,e-account
54,0,A,209065.47,1,e-account
38,0,A,79479.93,0,direct debit
43,0,A,68543.64,1,pension
46,0,A,97689.87,0,direct debit
32,0,A,63270.96,0,e-account
48,0,A,38872.2,0,direct debit
24,0,I,101453.07,0,direct debit
44,0,A,115491.9,1,e-account
23,0,A,55589.7,1,pension
31,0,A,68735.49,1,direct debit
43,0,A,58574.46,0,e-account
28,0,A,58420.41,1,direct debit
46,0,A,263239.11,1,e-account
19,0,A,76179.18,0,pension
42,0,A,301129.92,1,pension
42,0,A,170918.52,1,direct debit
37,0,A,187156.23,1,e-account
31,0,A,57952.62,0,pension
22,0,A,148736.19,1,direct debit
35,0,A,94966.38,0,e-account
44,0,A,150929.79,1,pension
35,0,A,155069.55,1,direct debit
29,1,A,106691.19,0,direct debit
71,0,A,64503,0,e-account
51,0,A,87854.04,1,direct debit
30,0,A,52480.92,1,pension
41,0,A,68758.59,1,pension
48,0,A,589980.21,1,direct debit
27,0,A,71233.23,0,direct debit
41,0,A,280108.14,1,e-account
44,0,A,129932.58,1,direct debit
38,0,A,130590.24,0,direct debit
56,0,A,66414.72,0,direct debit
39,0,A,35079.15,0,direct debit
41,0,A,109364.01,0,direct debit
32,0,A,141837.03,0,e-account
65,0,A,117085.71,0,e-account
58,0,I,62427.87,0,e-account
22,0,A,104296.59,1,direct debit
45,0,A,126475.98,1,direct debit
66,0,A,173872.62,0,e-account
51,0,A,161217.36,1,e-account
33,0,A,94324.08,0,e-account
43,0,A,109700.49,0,e-account
57,0,A,177614.07,1,direct debit
54,0,A,209065.47,1,pension
32,0,A,116496.99,0,e-account
42,0,A,121318.92,1,direct debit
53,0,A,130028.34,1,direct debit
32,0,A,94683.27,1,pension
44,0,A,77688.72,0,direct debit
32,0,A,258941.73,1,pension
28,0,A,90579.03,0,direct debit
43,0,A,67126.17,1,direct debit
34,1,A,95696.55,0,direct debit
40,0,A,51273.12,1,direct debit
39,0,A,183166.35,1,direct debit
21,0,A,99185.82,1,pension
41,0,A,76773.63,0,direct debit
28,0,A,49807.8,1,direct debit
47,0,A,173069.7,1,pension
47,0,A,44918.19,1,pension
60,0,A,74205.66,0,e-account
42,0,A,114414.78,1,direct debit
27,0,A,137439,1,pension
39,0,A,67149.21,0,e-account
51,0,A,247068.57,1,direct debit
31,1,A,23456.04,0,direct debit
74,0,A,39681.03,1,pension
31,0,A,196360.95,1,pension
59,0,A,176197.92,1,pension
25,0,A,46908.12,1,direct debit
83,0,A,50744.07,1,pension
62,0,A,96096.78,0,e-account
65,0,A,53455.86,1,e-account
39,0,A,91398.75,0,pension
48,0,A,168469.8,1,pension
42,0,A,174931.68,1,direct debit
89,0,A,91883.52,0,e-account
48,0,A,209698.47,0,direct debit
59,0,A,122859.09,1,pension
49,0,A,204297.69,1,pension
66,0,A,111784.98,0,e-account
42,0,A,116752.53,1,direct debit
42,0,A,170189.97,1,direct debit
58,0,A,314837.88,1,direct debit
35,0,A,83840.94,0,direct debit
47,0,A,78286.08,0,e-account
46,0,A,55619.82,0,direct debit
63,0,A,158654.46,0,e-account
45,0,A,112072.68,0,direct debit
58,0,A,195738.69,1,direct debit
37,0,A,45897.39,0,direct debit
53,0,A,297323.58,1,pension
38,0,A,136686.03,1,pension
21,0,A,73522.17,0,direct debit
60,0,A,68751.99,0,direct debit
56,0,A,217141.71,0,direct debit
43,0,I,147618.03,0,e-account
39,0,I,81018.21,0,e-account
45,0,A,144718.53,0,e-account
33,0,A,64680.96,0,e-account
39,0,A,54420.45,1,direct debit
44,0,A,236037.99,1,e-account
71,0,A,154546.02,1,pension
39,0,A,240884.1,0,e-account
59,0,A,77845.98,1,direct debit
22,0,A,131860.92,0,direct debit
46,0,A,58272.12,0,e-account
33,0,A,117271.05,1,direct debit
52,0,A,79556.7,1,direct debit
44,0,A,75211.89,1,pension
30,0,A,94890.75,1,direct debit
45,0,A,113848.95,0,e-account
48,0,A,182803.59,1,direct debit
45,0,A,114515.43,1,pension
55,0,A,116837.1,1,e-account
50,0,A,1260416.73,0,e-account
31,0,A,19985.91,1,direct debit
40,0,A,61429.8,0,direct debit
59,0,A,158844.3,0,e-account
47,0,A,93843.45,0,e-account
52,0,A,84701.43,0,direct debit
43,0,A,131054.46,1,pension
37,0,A,90216.09,1,pension
74,0,A,224960.88,0,e-account
54,0,A,564281.22,1,direct debit
38,0,A,120707.19,1,pension
82,0,A,45790.14,0,direct debit
51,0,A,185420.67,1,e-account
42,0,A,140700.15,1,e-account
29,0,A,177297.06,1,direct debit
53,0,A,101434.38,1,direct debit
49,0,A,119368.71,0,direct debit
46,0,A,69591.69,0,direct debit
28,0,A,268573.77,0,e-account
88,0,A,125183.55,1,e-account
39,0,A,172681.38,0,direct debit
71,0,A,30544.95,0,e-account
36,0,A,244112.58,0,e-account
47,0,A,78286.08,0,direct debit
45,0,A,83125.95,1,direct debit
43,0,A,107130.78,0,direct debit
30,0,A,89518.26,1,direct debit
65,0,A,194426.52,1,pension
53,0,A,299495.34,1,pension
53,0,A,382781.19,1,pension
55,0,A,120444.6,0,direct debit
67,0,I,485732.31,0,e-account
30,0,A,89518.26,1,pension
46,0,A,247164.96,0,e-account
35,0,A,219056.58,0,direct debit
34,0,A,95946.18,0,direct debit
31,0,A,105576.75,0,direct debit
64,0,A,178524.78,0,e-account
28,0,A,151224.09,1,direct debit
30,0,A,136104.21,0,direct debit
63,0,A,152652.03,0,e-account
42,0,A,158491.41,0,direct debit
39,0,A,153794.28,0,e-account
25,0,A,59023.71,1,direct debit
47,0,A,175151.34,1,direct debit
84,0,A,116213.46,0,e-account
66,0,A,92026.74,0,e-account
42,0,A,116752.53,1,pension
46,0,A,128771.76,1,e-account
56,0,A,157802.22,0,direct debit
53,0,A,222846.78,0,e-account
42,0,A,86995.53,0,e-account
54,0,A,627279.87,0,direct debit
34,0,A,46363.62,1,pension
21,0,A,75662.25,0,direct debit
51,0,A,115344.36,1,pension
31,0,A,195107.43,1,direct debit
31,0,A,37077.21,0,e-account
30,0,A,45419.07,1,pension
47,0,A,170189.97,0,direct debit
72,1,A,315929.73,0,e-account
34,0,A,46363.62,1,direct debit
49,0,A,238611.24,1,e-account
52,0,A,75764.58,0,e-account
36,0,A,65124.81,0,e-account
50,0,A,445232.61,1,direct debit
60,0,A,162013.23,1,e-account
53,0,A,67808.64,0,direct debit
42,0,A,66041.73,0,e-account
44,0,A,203480.31,1,pension
33,0,A,155592.57,0,direct debit
41,0,A,88084.35,0,e-account
45,0,A,84190.05,1,direct debit
57,0,A,160159.47,1,direct debit
54,0,A,94964.82,1,direct debit
37,0,A,109322.19,0,pension
57,0,A,156515.52,1,pension
54,0,A,76636.71,0,e-account
30,0,A,61921.89,0,direct debit
47,0,A,203480.31,1,e-account
55,0,A,129608.97,0,e-account
48,0,A,51122.46,0,direct debit
33,0,A,76821.18,0,direct debit
28,0,A,130101.24,0,direct debit
57,0,I,83319.84,0,e-account
28,0,A,268573.77,0,direct debit
54,0,A,242804.37,0,direct debit
54,0,A,91281.84,1,direct debit
33,0,I,184484.25,0,e-account
42,0,A,164655.57,1,direct debit
54,0,A,155599.41,1,pension
60,0,A,133526.22,0,e-account
64,0,A,89727.33,1,e-account
38,0,A,123230.82,0,direct debit
43,0,A,47112.12,1,pension
37,0,A,88927.2,1,e-account
88,0,A,187026.84,1,direct debit
27,0,A,155713.56,0,pension
43,0,A,367397.7,0,direct debit
38,0,A,45666.45,0,direct debit
56,0,A,196300.35,1,pension
32,0,A,25354.47,1,direct debit
38,0,A,228274.17,1,direct debit
62,0,A,162767.13,0,e-account
68,0,A,73983.96,0,e-account
25,0,A,103588.14,0,direct debit
32,0,A,91415.88,1,pension
42,0,A,97798.86,0,e-account
89,0,A,61768.29,1,pension
29,0,I,368478.45,0,direct debit
45,0,A,102653.85,1,pension
26,0,A,34417.17,1,pension
50,0,A,240434.31,1,e-account
35,0,A,95938.23,1,pension
36,0,A,104269.83,1,pension
41,0,A,194120.01,1,direct debit
53,0,A,213238.92,0,e-account
42,0,A,170189.97,1,pension
50,0,A,448171.95,0,e-account
47,0,A,90444.06,0,direct debit
30,0,A,189034.8,1,direct debit
25,0,A,59023.71,1,pension
61,0,A,147353.64,1,pension
34,0,A,118490.4,0,e-account
49,0,A,228252,1,pension
39,0,A,423644.82,0,direct debit
63,0,A,3279304.29,1,direct debit
23,0,A,144933.03,1,pension
32,0,A,75395.34,0,direct debit
52,0,A,92831.67,0,direct debit
38,0,A,206356.56,1,direct debit
43,0,A,47112.12,1,direct debit
51,0,A,147694.92,1,pension
37,0,A,95004.48,1,direct debit
62,0,A,220873.26,0,e-account
23,0,A,78873.72,0,direct debit
27,0,A,139849.47,0,e-account
69,0,A,87029.28,1,pension
71,0,A,153987.99,1,pension
76,0,A,145940.16,0,e-account
50,0,A,70222.86,0,direct debit
53,0,A,104129.37,0,direct debit
46,0,A,156280.44,1,direct debit
43,0,A,179235.3,0,e-account
40,0,A,217375.02,0,direct debit
58,0,A,187725.12,0,direct debit
80,0,A,154697.37,0,e-account
44,0,A,194692.17,0,direct debit
40,0,A,76939.68,0,direct debit
44,0,A,203480.31,1,direct debit
28,0,A,199592.82,1,pension
53,0,A,297323.58,1,e-account
43,0,A,64234.26,1,e-account
32,0,A,47441.07,1,pension
36,0,A,77280.63,0,direct debit
63,0,A,130473.66,0,e-account
59,0,A,61889.67,1,direct debit
43,0,A,167074.23,1,e-account
33,0,A,92375.85,1,direct debit
38,0,A,120707.19,1,direct debit
50,0,A,66009.12,1,direct debit
49,0,A,130504.23,0,e-account
57,0,A,48303.78,1,pension
51,0,A,150289.77,1,pension
49,0,A,72872.13,0,direct debit
66,0,A,75851.31,0,e-account
40,0,A,82368.84,1,direct debit
42,0,A,144710.49,0,e-account
26,0,A,60493.47,0,direct debit
35,0,A,104919.33,1,direct debit
36,0,A,71451.93,0,e-account
62,0,A,88958.55,0,e-account
31,0,A,149653.35,1,direct debit
26,0,A,34417.17,1,direct debit
32,0,A,75395.34,0,e-account
39,0,A,46990.44,0,direct debit
42,0,A,94575.9,0,direct debit
32,0,A,63270.96,0,direct debit
34,0,A,117890.1,0,e-account
27,0,I,37967.67,0,direct debit
23,0,A,85701.69,0,direct debit
45,0,A,239440.11,0,direct debit
42,0,A,204886.2,0,e-account
46,0,A,40907.79,1,e-account
29,0,A,80994.09,1,pension
35,0,A,53089.59,0,direct debit
44,0,A,181489.77,0,direct debit
26,0,A,239174.04,0,direct debit
45,0,A,57427.95,0,pension
60,0,A,396359.49,1,e-account
43,0,A,165203.85,1,direct debit
51,0,A,115344.36,1,direct debit
72,0,A,135359.76,0,e-account
45,0,A,239440.11,0,e-account
23,0,A,400499.88,0,direct debit
79,0,A,106592.46,1,e-account
29,0,A,53486.94,1,pension
47,0,A,220977.03,1,e-account
45,0,A,114099,1,e-account
69,1,A,418899.27,0,e-account
44,0,A,79101.09,0,direct debit
41,0,A,68758.59,1,direct debit
29,0,A,81504.24,1,e-account
59,0,A,122859.09,1,direct debit
49,0,A,238611.24,1,pension
37,0,I,105575.37,0,direct debit
28,0,A,124102.44,1,direct debit
38,0,A,191606.46,0,direct debit
41,0,A,338279.34,1,direct debit
45,0,A,126475.98,1,pension
40,0,I,76518.6,0,e-account
41,0,A,283716,1,e-account
37,0,A,62769.78,1,pension
36,0,A,154986.24,0,e-account
44,0,I,87410.61,0,e-account
39,0,A,55436.28,1,direct debit
31,0,A,196360.95,1,e-account
28,0,A,41754.12,0,direct debit
44,0,A,117703.08,0,direct debit
34,0,A,102545.43,0,direct debit
43,0,A,54834.21,1,pension
52,0,A,315761.85,0,e-account
46,0,A,234398.46,0,e-account
37,0,A,65066.79,1,direct debit
55,0,A,99129.36,1,pension
67,0,A,67615.05,0,e-account
27,0,I,42944.67,0,direct debit
53,0,A,212880.06,0,direct debit
46,0,A,94220.97,1,pension
44,0,A,77154.12,0,direct debit
71,0,A,153987.99,1,direct debit
72,0,A,214713.3,1,e-account
40,0,A,82368.84,1,e-account
39,0,A,74139.99,0,e-account
70,0,A,92863.53,0,e-account
33,0,A,48376.2,0,direct debit
33,0,A,32314.14,0,direct debit
34,0,A,80466.93,1,direct debit
44,0,A,91949.25,1,direct debit
51,0,A,69427.59,1,direct debit
31,0,A,57952.62,0,e-account
55,0,A,271610.46,1,direct debit
73,0,A,363445.44,1,direct debit
43,0,A,136952.34,1,pension
30,0,A,69593.67,1,direct debit
38,0,A,163258.02,0,direct debit
39,0,A,59516.01,1,direct debit
24,0,A,230785.29,0,direct debit
25,1,A,292306.56,0,e-account
58,0,A,140331.45,0,e-account
36,0,A,129038.55,0,direct debit
46,0,A,102856.68,1,e-account
37,0,A,187156.23,1,direct debit
54,0,A,279944.52,0,e-account
53,0,A,145518.96,0,e-account
63,0,A,116850.54,1,e-account
57,0,A,177614.07,1,e-account
25,0,A,44488.05,0,direct debit
58,0,A,469191.9,1,direct debit
59,0,A,122859.09,1,e-account
40,0,A,128318.52,0,e-account
73,0,A,363445.44,1,pension
50,0,A,71430.66,0,direct debit
48,0,A,92786.97,1,pension
32,0,A,219828.57,1,pension
39,0,A,138970.68,1,direct debit
22,0,A,104296.59,1,pension
50,0,A,81233.13,1,pension
72,0,A,217587.21,0,e-account
51,1,A,97804.62,0,direct debit
62,0,A,266865.18,0,direct debit
48,0,A,133397.34,0,direct debit
49,0,A,92385.51,1,direct debit
53,0,A,83585.1,1,e-account
50,0,A,117184.05,1,direct debit
65,0,A,53455.86,1,direct debit
66,0,A,111784.98,0,direct debit
55,0,A,130863.51,1,pension
44,0,A,82638.84,0,direct debit
63,0,A,130473.66,0,direct debit
36,0,A,259573.56,1,pension
32,0,A,148316.97,1,pension
21,0,A,109475.31,0,e-account
57,0,A,194920.08,0,direct debit
57,0,A,194920.08,0,e-account
45,0,A,545246.85,1,pension
60,0,A,203969.04,0,direct debit
44,0,A,130263.33,1,e-account
45,0,A,83408.46,0,direct debit
33,0,A,16150.08,0,direct debit
41,0,A,94276.38,0,e-account
44,0,A,344277.48,0,e-account
38,0,A,32330.31,0,e-account
39,0,A,99881.94,1,direct debit
46,0,A,110318.73,1,e-account
30,0,A,69593.67,1,e-account
46,0,A,48244.26,1,direct debit
27,0,A,241957.05,1,pension
23,0,A,134003.49,1,direct debit
32,0,A,47944.95,0,direct debit
36,0,A,244112.58,0,direct debit
43,0,A,79823.79,1,direct debit
49,0,A,78013.86,1,direct debit
43,0,A,234731.37,1,direct debit
40,0,A,61412.19,1,direct debit
38,0,A,79479.93,0,e-account
20,0,A,239563.08,0,e-account
30,0,A,40695.9,0,direct debit
44,0,A,181489.77,0,e-account
43,0,A,67126.17,1,pension
64,0,A,673395.9,0,direct debit
29,0,A,167091.78,0,e-account
29,0,A,178655.28,0,pension
28,0,A,199592.82,1,direct debit
47,0,A,312925.41,0,direct debit
